Scanning dir /home/kavya_parivarababu/oss-remediation-adk/autonomous-oss-remediation-workspaces/run-20260925T170726Z-89880aad/temp/autonomous-osv-kkdq5xds/repository
Starting filesystem walk for root: /
Scanned /home/kavya_parivarababu/oss-remediation-adk/autonomous-oss-remediation-workspaces/run-20260925T170726Z-89880aad/temp/autonomous-osv-kkdq5xds/repository/task-service/pom.xml file and found 4 packages
Scanned /home/kavya_parivarababu/oss-remediation-adk/autonomous-oss-remediation-workspaces/run-20260925T170726Z-89880aad/temp/autonomous-osv-kkdq5xds/repository/task-common/pom.xml file and found 2 packages
Scanned /home/kavya_parivarababu/oss-remediation-adk/autonomous-oss-remediation-workspaces/run-20260925T170726Z-89880aad/temp/autonomous-osv-kkdq5xds/repository/.m2/org/hamcrest/hamcrest/3.0/hamcrest-3.0.pom file and found 0 packages
Scanned /home/kavya_parivarababu/oss-remediation-adk/autonomous-oss-remediation-workspaces/run-20260925T170726Z-89880aad/temp/autonomous-osv-kkdq5xds/repository/.m2/org/sonatype/forge/forge-parent/5/forge-parent-5.pom file and found 0 packages
Scanned /home/kavya_parivarababu/oss-remediation-adk/autonomous-oss-remediation-workspaces/run-20260925T170726Z-89880aad/temp/autonomous-osv-kkdq5xds/repository/.m2/org/sonatype/spice/spice-parent/15/spice-parent-15.pom file and found 0 packages
Scanned /home/kavya_parivarababu/oss-remediation-adk/autonomous-oss-remediation-workspaces/run-20260925T170726Z-89880aad/temp/autonomous-osv-kkdq5xds/repository/.m2/org/sonatype/oss/oss-parent/7/oss-parent-7.pom file and found 0 packages
Scanned /home/kavya_parivarababu/oss-remediation-adk/autonomous-oss-remediation-workspaces/run-20260925T170726Z-89880aad/temp/autonomous-osv-kkdq5xds/repository/.m2/org/sonatype/oss/oss-parent/9/oss-parent-9.pom file and found 0 packages
Scanned /home/kavya_parivarababu/oss-remediation-adk/autonomous-oss-remediation-workspaces/run-20260925T170726Z-89880aad/temp/autonomous-osv-kkdq5xds/repository/.m2/org/sonatype/plexus/plexus-build-api/0.0.7/plexus-build-api-0.0.7.pom file and found 2 packages
Scanned /home/kavya_parivarababu/oss-remediation-adk/autonomous-oss-remediation-workspaces/run-20260925T170726Z-89880aad/temp/autonomous-osv-kkdq5xds/repository/.m2/org/yaml/snakeyaml/2.5/snakeyaml-2.5.pom file and found 7 packages
Scanned /home/kavya_parivarababu/oss-remediation-adk/autonomous-oss-remediation-workspaces/run-20260925T170726Z-89880aad/temp/autonomous-osv-kkdq5xds/repository/.m2/org/awaitility/awaitility/4.3.0/awaitility-4.3.0.pom file and found 4 packages
Scanned /home/kavya_parivarababu/oss-remediation-adk/autonomous-oss-remediation-workspaces/run-20260925T170726Z-89880aad/temp/autonomous-osv-kkdq5xds/repository/.m2/org/awaitility/awaitility-parent/4.3.0/awaitility-parent-4.3.0.pom file and found 0 packages
Scanned /home/kavya_parivarababu/oss-remediation-adk/autonomous-oss-remediation-workspaces/run-20260925T170726Z-89880aad/temp/autonomous-osv-kkdq5xds/repository/.m2/org/opentest4j/opentest4j/1.3.0/opentest4j-1.3.0.pom file and found 0 packages
Scanned /home/kavya_parivarababu/oss-remediation-adk/autonomous-oss-remediation-workspaces/run-20260925T170726Z-89880aad/temp/autonomous-osv-kkdq5xds/repository/.m2/org/glassfish/jersey/jersey-bom/4.0.2/jersey-bom-4.0.2.pom file and found 0 packages
Scanned /home/kavya_parivarababu/oss-remediation-adk/autonomous-oss-remediation-workspaces/run-20260925T170726Z-89880aad/temp/autonomous-osv-kkdq5xds/repository/.m2/org/skyscreamer/jsonassert/1.5.3/jsonassert-1.5.3.pom file and found 3 packages
Scanned /home/kavya_parivarababu/oss-remediation-adk/autonomous-oss-remediation-workspaces/run-20260925T170726Z-89880aad/temp/autonomous-osv-kkdq5xds/repository/.m2/org/hibernate/validator/hibernate-validator/9.0.1.Final/hibernate-validator-9.0.1.Final.pom file and found 10 packages
Scanned /home/kavya_parivarababu/oss-remediation-adk/autonomous-oss-remediation-workspaces/run-20260925T170726Z-89880aad/temp/autonomous-osv-kkdq5xds/repository/.m2/org/jdom/jdom2/2.0.6.1/jdom2-2.0.6.1.pom file and found 3 packages
Scanned /home/kavya_parivarababu/oss-remediation-adk/autonomous-oss-remediation-workspaces/run-20260925T170726Z-89880aad/temp/autonomous-osv-kkdq5xds/repository/.m2/org/apiguardian/apiguardian-api/1.1.2/apiguardian-api-1.1.2.pom file and found 0 packages
Scanned /home/kavya_parivarababu/oss-remediation-adk/autonomous-oss-remediation-workspaces/run-20260925T170726Z-89880aad/temp/autonomous-osv-kkdq5xds/repository/.m2/org/codehaus/plexus/plexus-languages/1.5.0/plexus-languages-1.5.0.pom file and found 0 packages
Scanned /home/kavya_parivarababu/oss-remediation-adk/autonomous-oss-remediation-workspaces/run-20260925T170726Z-89880aad/temp/autonomous-osv-kkdq5xds/repository/.m2/org/codehaus/plexus/plexus-languages/1.5.2/plexus-languages-1.5.2.pom file and found 0 packages
Scanned /home/kavya_parivarababu/oss-remediation-adk/autonomous-oss-remediation-workspaces/run-20260925T170726Z-89880aad/temp/autonomous-osv-kkdq5xds/repository/.m2/org/codehaus/plexus/plexus-compiler/2.15.0/plexus-compiler-2.15.0.pom file and found 0 packages
Scanned /home/kavya_parivarababu/oss-remediation-adk/autonomous-oss-remediation-workspaces/run-20260925T170726Z-89880aad/temp/autonomous-osv-kkdq5xds/repository/.m2/org/codehaus/plexus/plexus-compiler-manager/2.15.0/plexus-compiler-manager-2.15.0.pom file and found 6 packages
Scanned /home/kavya_parivarababu/oss-remediation-adk/autonomous-oss-remediation-workspaces/run-20260925T170726Z-89880aad/temp/autonomous-osv-kkdq5xds/repository/.m2/org/codehaus/plexus/plexus-compiler-api/2.15.0/plexus-compiler-api-2.15.0.pom file and found 5 packages
Scanned /home/kavya_parivarababu/oss-remediation-adk/autonomous-oss-remediation-workspaces/run-20260925T170726Z-89880aad/temp/autonomous-osv-kkdq5xds/repository/.m2/org/codehaus/plexus/plexus-xml/3.0.1/plexus-xml-3.0.1.pom file and found 4 packages
Scanned /home/kavya_parivarababu/oss-remediation-adk/autonomous-oss-remediation-workspaces/run-20260925T170726Z-89880aad/temp/autonomous-osv-kkdq5xds/repository/.m2/org/codehaus/plexus/plexus-compilers/2.15.0/plexus-compilers-2.15.0.pom file and found 4 packages
Scanned /home/kavya_parivarababu/oss-remediation-adk/autonomous-oss-remediation-workspaces/run-20260925T170726Z-89880aad/temp/autonomous-osv-kkdq5xds/repository/.m2/org/codehaus/plexus/plexus-compiler-javac/2.15.0/plexus-compiler-javac-2.15.0.pom file and found 5 packages
Scanned /home/kavya_parivarababu/oss-remediation-adk/autonomous-oss-remediation-workspaces/run-20260925T170726Z-89880aad/temp/autonomous-osv-kkdq5xds/repository/.m2/org/codehaus/plexus/plexus-archiver/4.9.2/plexus-archiver-4.9.2.pom file and found 16 packages
Scanned /home/kavya_parivarababu/oss-remediation-adk/autonomous-oss-remediation-workspaces/run-20260925T170726Z-89880aad/temp/autonomous-osv-kkdq5xds/repository/.m2/org/codehaus/plexus/plexus-utils/4.0.2/plexus-utils-4.0.2.pom file and found 2 packages
Scanned /home/kavya_parivarababu/oss-remediation-adk/autonomous-oss-remediation-workspaces/run-20260925T170726Z-89880aad/temp/autonomous-osv-kkdq5xds/repository/.m2/org/codehaus/plexus/plexus-utils/4.0.1/plexus-utils-4.0.1.pom file and found 2 packages
Scanned /home/kavya_parivarababu/oss-remediation-adk/autonomous-oss-remediation-workspaces/run-20260925T170726Z-89880aad/temp/autonomous-osv-kkdq5xds/repository/.m2/org/codehaus/plexus/plexus-utils/3.5.0/plexus-utils-3.5.0.pom file and found 3 packages
Scanned /home/kavya_parivarababu/oss-remediation-adk/autonomous-oss-remediation-workspaces/run-20260925T170726Z-89880aad/temp/autonomous-osv-kkdq5xds/repository/.m2/org/codehaus/plexus/plexus-utils/3.5.1/plexus-utils-3.5.1.pom file and found 3 packages
Scanned /home/kavya_parivarababu/oss-remediation-adk/autonomous-oss-remediation-workspaces/run-20260925T170726Z-89880aad/temp/autonomous-osv-kkdq5xds/repository/.m2/org/codehaus/plexus/plexus-java/1.5.0/plexus-java-1.5.0.pom file and found 8 packages
Scanned /home/kavya_parivarababu/oss-remediation-adk/autonomous-oss-remediation-workspaces/run-20260925T170726Z-89880aad/temp/autonomous-osv-kkdq5xds/repository/.m2/org/codehaus/plexus/plexus-java/1.5.2/plexus-java-1.5.2.pom file and found 8 packages
Scanned /home/kavya_parivarababu/oss-remediation-adk/autonomous-oss-remediation-workspaces/run-20260925T170726Z-89880aad/temp/autonomous-osv-kkdq5xds/repository/.m2/org/codehaus/plexus/plexus-interpolation/1.27/plexus-interpolation-1.27.pom file and found 1 package
Scanned /home/kavya_parivarababu/oss-remediation-adk/autonomous-oss-remediation-workspaces/run-20260925T170726Z-89880aad/temp/autonomous-osv-kkdq5xds/repository/.m2/org/codehaus/plexus/plexus-interpolation/1.26/plexus-interpolation-1.26.pom file and found 0 packages
Scanned /home/kavya_parivarababu/oss-remediation-adk/autonomous-oss-remediation-workspaces/run-20260925T170726Z-89880aad/temp/autonomous-osv-kkdq5xds/repository/.m2/org/codehaus/plexus/plexus-io/3.4.2/plexus-io-3.4.2.pom file and found 10 packages
Scanned /home/kavya_parivarababu/oss-remediation-adk/autonomous-oss-remediation-workspaces/run-20260925T170726Z-89880aad/temp/autonomous-osv-kkdq5xds/repository/.m2/org/codehaus/plexus/plexus/10/plexus-10.pom file and found 0 packages
Scanned /home/kavya_parivarababu/oss-remediation-adk/autonomous-oss-remediation-workspaces/run-20260925T170726Z-89880aad/temp/autonomous-osv-kkdq5xds/repository/.m2/org/codehaus/plexus/plexus/17/plexus-17.pom file and found 0 packages
Scanned /home/kavya_parivarababu/oss-remediation-adk/autonomous-oss-remediation-workspaces/run-20260925T170726Z-89880aad/temp/autonomous-osv-kkdq5xds/repository/.m2/org/codehaus/plexus/plexus/5.1/plexus-5.1.pom file and found 1 package
Scanned /home/kavya_parivarababu/oss-remediation-adk/autonomous-oss-remediation-workspaces/run-20260925T170726Z-89880aad/temp/autonomous-osv-kkdq5xds/repository/.m2/org/codehaus/plexus/plexus/18/plexus-18.pom file and found 0 packages
Scanned /home/kavya_parivarababu/oss-remediation-adk/autonomous-oss-remediation-workspaces/run-20260925T170726Z-89880aad/temp/autonomous-osv-kkdq5xds/repository/.m2/org/codehaus/plexus/plexus/16/plexus-16.pom file and found 0 packages
Scanned /home/kavya_parivarababu/oss-remediation-adk/autonomous-oss-remediation-workspaces/run-20260925T170726Z-89880aad/temp/autonomous-osv-kkdq5xds/repository/.m2/org/codehaus/plexus/plexus/24/plexus-24.pom file and found 0 packages
Scanned /home/kavya_parivarababu/oss-remediation-adk/autonomous-oss-remediation-workspaces/run-20260925T170726Z-89880aad/temp/autonomous-osv-kkdq5xds/repository/.m2/org/codehaus/plexus/plexus/20/plexus-20.pom file and found 0 packages
Scanned /home/kavya_parivarababu/oss-remediation-adk/autonomous-oss-remediation-workspaces/run-20260925T170726Z-89880aad/temp/autonomous-osv-kkdq5xds/repository/.m2/org/jspecify/jspecify/1.0.0/jspecify-1.0.0.pom file and found 0 packages
Scanned /home/kavya_parivarababu/oss-remediation-adk/autonomous-oss-remediation-workspaces/run-20260925T170726Z-89880aad/temp/autonomous-osv-kkdq5xds/repository/.m2/org/hdrhistogram/HdrHistogram/2.2.2/HdrHistogram-2.2.2.pom file and found 5 packages
Scanned /home/kavya_parivarababu/oss-remediation-adk/autonomous-oss-remediation-workspaces/run-20260925T170726Z-89880aad/temp/autonomous-osv-kkdq5xds/repository/.m2/org/objenesis/objenesis/3.3/objenesis-3.3.pom file and found 0 packages
Scanned /home/kavya_parivarababu/oss-remediation-adk/autonomous-oss-remediation-workspaces/run-20260925T170726Z-89880aad/temp/autonomous-osv-kkdq5xds/repository/.m2/org/objenesis/objenesis-parent/3.3/objenesis-parent-3.3.pom file and found 1 package
Scanned /home/kavya_parivarababu/oss-remediation-adk/autonomous-oss-remediation-workspaces/run-20260925T170726Z-89880aad/temp/autonomous-osv-kkdq5xds/repository/.m2/org/tomlj/tomlj/1.0.0/tomlj-1.0.0.pom file and found 2 packages
Scanned /home/kavya_parivarababu/oss-remediation-adk/autonomous-oss-remediation-workspaces/run-20260925T170726Z-89880aad/temp/autonomous-osv-kkdq5xds/repository/.m2/org/seleniumhq/selenium/selenium-bom/4.37.0/selenium-bom-4.37.0.pom file and found 0 packages
Scanned /home/kavya_parivarababu/oss-remediation-adk/autonomous-oss-remediation-workspaces/run-20260925T170726Z-89880aad/temp/autonomous-osv-kkdq5xds/repository/.m2/org/mongodb/mongodb-driver-bom/5.6.5/mongodb-driver-bom-5.6.5.pom file and found 0 packages
Scanned /home/kavya_parivarababu/oss-remediation-adk/autonomous-oss-remediation-workspaces/run-20260925T170726Z-89880aad/temp/autonomous-osv-kkdq5xds/repository/.m2/org/mockito/mockito-bom/5.20.0/mockito-bom-5.20.0.pom file and found 0 packages
Scanned /home/kavya_parivarababu/oss-remediation-adk/autonomous-oss-remediation-workspaces/run-20260925T170726Z-89880aad/temp/autonomous-osv-kkdq5xds/repository/.m2/org/mockito/mockito-bom/4.11.0/mockito-bom-4.11.0.pom file and found 0 packages
Scanned /home/kavya_parivarababu/oss-remediation-adk/autonomous-oss-remediation-workspaces/run-20260925T170726Z-89880aad/temp/autonomous-osv-kkdq5xds/repository/.m2/org/mockito/mockito-junit-jupiter/5.20.0/mockito-junit-jupiter-5.20.0.pom file and found 2 packages
Scanned /home/kavya_parivarababu/oss-remediation-adk/autonomous-oss-remediation-workspaces/run-20260925T170726Z-89880aad/temp/autonomous-osv-kkdq5xds/repository/.m2/org/mockito/mockito-core/5.20.0/mockito-core-5.20.0.pom file and found 3 packages
Scanned /home/kavya_parivarababu/oss-remediation-adk/autonomous-oss-remediation-workspaces/run-20260925T170726Z-89880aad/temp/autonomous-osv-kkdq5xds/repository/.m2/org/junit/platform/junit-platform-commons/6.0.3/junit-platform-commons-6.0.3.pom file and found 2 packages
Scanned /home/kavya_parivarababu/oss-remediation-adk/autonomous-oss-remediation-workspaces/run-20260925T170726Z-89880aad/temp/autonomous-osv-kkdq5xds/repository/.m2/org/junit/platform/junit-platform-commons/1.12.2/junit-platform-commons-1.12.2.pom file and found 1 package
Scanned /home/kavya_parivarababu/oss-remediation-adk/autonomous-oss-remediation-workspaces/run-20260925T170726Z-89880aad/temp/autonomous-osv-kkdq5xds/repository/.m2/org/junit/platform/junit-platform-launcher/6.0.3/junit-platform-launcher-6.0.3.pom file and found 3 packages
Scanned /home/kavya_parivarababu/oss-remediation-adk/autonomous-oss-remediation-workspaces/run-20260925T170726Z-89880aad/temp/autonomous-osv-kkdq5xds/repository/.m2/org/junit/platform/junit-platform-launcher/1.12.2/junit-platform-launcher-1.12.2.pom file and found 2 packages
Scanned /home/kavya_parivarababu/oss-remediation-adk/autonomous-oss-remediation-workspaces/run-20260925T170726Z-89880aad/temp/autonomous-osv-kkdq5xds/repository/.m2/org/junit/platform/junit-platform-engine/6.0.3/junit-platform-engine-6.0.3.pom file and found 4 packages
Scanned /home/kavya_parivarababu/oss-remediation-adk/autonomous-oss-remediation-workspaces/run-20260925T170726Z-89880aad/temp/autonomous-osv-kkdq5xds/repository/.m2/org/junit/platform/junit-platform-engine/1.12.2/junit-platform-engine-1.12.2.pom file and found 3 packages
Scanned /home/kavya_parivarababu/oss-remediation-adk/autonomous-oss-remediation-workspaces/run-20260925T170726Z-89880aad/temp/autonomous-osv-kkdq5xds/repository/.m2/org/junit/junit-bom/6.0.3/junit-bom-6.0.3.pom file and found 0 packages
Scanned /home/kavya_parivarababu/oss-remediation-adk/autonomous-oss-remediation-workspaces/run-20260925T170726Z-89880aad/temp/autonomous-osv-kkdq5xds/repository/.m2/org/junit/junit-bom/5.9.1/junit-bom-5.9.1.pom file and found 0 packages
Scanned /home/kavya_parivarababu/oss-remediation-adk/autonomous-oss-remediation-workspaces/run-20260925T170726Z-89880aad/temp/autonomous-osv-kkdq5xds/repository/.m2/org/junit/junit-bom/5.12.2/junit-bom-5.12.2.pom file and found 0 packages
Scanned /home/kavya_parivarababu/oss-remediation-adk/autonomous-oss-remediation-workspaces/run-20260925T170726Z-89880aad/temp/autonomous-osv-kkdq5xds/repository/.m2/org/junit/junit-bom/5.11.4/junit-bom-5.11.4.pom file and found 0 packages
Scanned /home/kavya_parivarababu/oss-remediation-adk/autonomous-oss-remediation-workspaces/run-20260925T170726Z-89880aad/temp/autonomous-osv-kkdq5xds/repository/.m2/org/junit/junit-bom/5.12.1/junit-bom-5.12.1.pom file and found 0 packages
Scanned /home/kavya_parivarababu/oss-remediation-adk/autonomous-oss-remediation-workspaces/run-20260925T170726Z-89880aad/temp/autonomous-osv-kkdq5xds/repository/.m2/org/junit/junit-bom/5.13.2/junit-bom-5.13.2.pom file and found 0 packages
Scanned /home/kavya_parivarababu/oss-remediation-adk/autonomous-oss-remediation-workspaces/run-20260925T170726Z-89880aad/temp/autonomous-osv-kkdq5xds/repository/.m2/org/junit/junit-bom/5.10.2/junit-bom-5.10.2.pom file and found 0 packages
Scanned /home/kavya_parivarababu/oss-remediation-adk/autonomous-oss-remediation-workspaces/run-20260925T170726Z-89880aad/temp/autonomous-osv-kkdq5xds/repository/.m2/org/junit/junit-bom/5.11.0-M2/junit-bom-5.11.0-M2.pom file and found 0 packages
Scanned /home/kavya_parivarababu/oss-remediation-adk/autonomous-oss-remediation-workspaces/run-20260925T170726Z-89880aad/temp/autonomous-osv-kkdq5xds/repository/.m2/org/junit/junit-bom/5.10.0/junit-bom-5.10.0.pom file and found 0 packages
Scanned /home/kavya_parivarababu/oss-remediation-adk/autonomous-oss-remediation-workspaces/run-20260925T170726Z-89880aad/temp/autonomous-osv-kkdq5xds/repository/.m2/org/junit/junit-bom/5.7.2/junit-bom-5.7.2.pom file and found 0 packages
Scanned /home/kavya_parivarababu/oss-remediation-adk/autonomous-oss-remediation-workspaces/run-20260925T170726Z-89880aad/temp/autonomous-osv-kkdq5xds/repository/.m2/org/junit/junit-bom/5.14.2/junit-bom-5.14.2.pom file and found 0 packages
Scanned /home/kavya_parivarababu/oss-remediation-adk/autonomous-oss-remediation-workspaces/run-20260925T170726Z-89880aad/temp/autonomous-osv-kkdq5xds/repository/.m2/org/junit/junit-bom/5.13.3/junit-bom-5.13.3.pom file and found 0 packages
Scanned /home/kavya_parivarababu/oss-remediation-adk/autonomous-oss-remediation-workspaces/run-20260925T170726Z-89880aad/temp/autonomous-osv-kkdq5xds/repository/.m2/org/junit/junit-bom/5.10.1/junit-bom-5.10.1.pom file and found 0 packages
Scanned /home/kavya_parivarababu/oss-remediation-adk/autonomous-oss-remediation-workspaces/run-20260925T170726Z-89880aad/temp/autonomous-osv-kkdq5xds/repository/.m2/org/junit/junit-bom/5.7.1/junit-bom-5.7.1.pom file and found 0 packages
Scanned /home/kavya_parivarababu/oss-remediation-adk/autonomous-oss-remediation-workspaces/run-20260925T170726Z-89880aad/temp/autonomous-osv-kkdq5xds/repository/.m2/org/junit/junit-bom/5.13.4/junit-bom-5.13.4.pom file and found 0 packages
Scanned /home/kavya_parivarababu/oss-remediation-adk/autonomous-oss-remediation-workspaces/run-20260925T170726Z-89880aad/temp/autonomous-osv-kkdq5xds/repository/.m2/org/junit/junit-bom/5.13.1/junit-bom-5.13.1.pom file and found 0 packages
Scanned /home/kavya_parivarababu/oss-remediation-adk/autonomous-oss-remediation-workspaces/run-20260925T170726Z-89880aad/temp/autonomous-osv-kkdq5xds/repository/.m2/org/junit/jupiter/junit-jupiter-engine/6.0.3/junit-jupiter-engine-6.0.3.pom file and found 4 packages
Scanned /home/kavya_parivarababu/oss-remediation-adk/autonomous-oss-remediation-workspaces/run-20260925T170726Z-89880aad/temp/autonomous-osv-kkdq5xds/repository/.m2/org/junit/jupiter/junit-jupiter-params/6.0.3/junit-jupiter-params-6.0.3.pom file and found 3 packages
Scanned /home/kavya_parivarababu/oss-remediation-adk/autonomous-oss-remediation-workspaces/run-20260925T170726Z-89880aad/temp/autonomous-osv-kkdq5xds/repository/.m2/org/junit/jupiter/junit-jupiter/6.0.3/junit-jupiter-6.0.3.pom file and found 3 packages
Scanned /home/kavya_parivarababu/oss-remediation-adk/autonomous-oss-remediation-workspaces/run-20260925T170726Z-89880aad/temp/autonomous-osv-kkdq5xds/repository/.m2/org/junit/jupiter/junit-jupiter-api/6.0.3/junit-jupiter-api-6.0.3.pom file and found 4 packages
Scanned /home/kavya_parivarababu/oss-remediation-adk/autonomous-oss-remediation-workspaces/run-20260925T170726Z-89880aad/temp/autonomous-osv-kkdq5xds/repository/.m2/org/latencyutils/LatencyUtils/2.0.3/LatencyUtils-2.0.3.pom file and found 2 packages
Scanned /home/kavya_parivarababu/oss-remediation-adk/autonomous-oss-remediation-workspaces/run-20260925T170726Z-89880aad/temp/autonomous-osv-kkdq5xds/repository/.m2/org/slf4j/slf4j-bom/2.0.17/slf4j-bom-2.0.17.pom file and found 0 packages
Scanned /home/kavya_parivarababu/oss-remediation-adk/autonomous-oss-remediation-workspaces/run-20260925T170726Z-89880aad/temp/autonomous-osv-kkdq5xds/repository/.m2/org/slf4j/slf4j-api/2.0.17/slf4j-api-2.0.17.pom file and found 0 packages
Scanned /home/kavya_parivarababu/oss-remediation-adk/autonomous-oss-remediation-workspaces/run-20260925T170726Z-89880aad/temp/autonomous-osv-kkdq5xds/repository/.m2/org/slf4j/slf4j-api/1.7.36/slf4j-api-1.7.36.pom file and found 0 packages
Scanned /home/kavya_parivarababu/oss-remediation-adk/autonomous-oss-remediation-workspaces/run-20260925T170726Z-89880aad/temp/autonomous-osv-kkdq5xds/repository/.m2/org/slf4j/slf4j-parent/2.0.17/slf4j-parent-2.0.17.pom file and found 1 package
Scanned /home/kavya_parivarababu/oss-remediation-adk/autonomous-oss-remediation-workspaces/run-20260925T170726Z-89880aad/temp/autonomous-osv-kkdq5xds/repository/.m2/org/slf4j/slf4j-parent/1.7.36/slf4j-parent-1.7.36.pom file and found 1 package
Scanned /home/kavya_parivarababu/oss-remediation-adk/autonomous-oss-remediation-workspaces/run-20260925T170726Z-89880aad/temp/autonomous-osv-kkdq5xds/repository/.m2/org/slf4j/jul-to-slf4j/2.0.17/jul-to-slf4j-2.0.17.pom file and found 1 package
Scanned /home/kavya_parivarababu/oss-remediation-adk/autonomous-oss-remediation-workspaces/run-20260925T170726Z-89880aad/temp/autonomous-osv-kkdq5xds/repository/.m2/org/apache-extras/beanshell/bsh/2.0b6/bsh-2.0b6.pom file and found 1 package
Scanned /home/kavya_parivarababu/oss-remediation-adk/autonomous-oss-remediation-workspaces/run-20260925T170726Z-89880aad/temp/autonomous-osv-kkdq5xds/repository/.m2/org/testcontainers/testcontainers-bom/2.0.5/testcontainers-bom-2.0.5.pom file and found 0 packages
Scanned /home/kavya_parivarababu/oss-remediation-adk/autonomous-oss-remediation-workspaces/run-20260925T170726Z-89880aad/temp/autonomous-osv-kkdq5xds/repository/.m2/org/iq80/snappy/snappy/0.4/snappy-0.4.pom file and found 4 packages
Scanned /home/kavya_parivarababu/oss-remediation-adk/autonomous-oss-remediation-workspaces/run-20260925T170726Z-89880aad/temp/autonomous-osv-kkdq5xds/repository/.m2/org/neo4j/driver/neo4j-java-driver-bom/6.0.5/neo4j-java-driver-bom-6.0.5.pom file and found 0 packages
Scanned /home/kavya_parivarababu/oss-remediation-adk/autonomous-oss-remediation-workspaces/run-20260925T170726Z-89880aad/temp/autonomous-osv-kkdq5xds/repository/.m2/org/neo4j/bolt/neo4j-bolt-connection-bom/11.0.1/neo4j-bolt-connection-bom-11.0.1.pom file and found 0 packages
Scanned /home/kavya_parivarababu/oss-remediation-adk/autonomous-oss-remediation-workspaces/run-20260925T170726Z-89880aad/temp/autonomous-osv-kkdq5xds/repository/.m2/org/eclipse/ee4j/project/1.0.9/project-1.0.9.pom file and found 0 packages
Scanned /home/kavya_parivarababu/oss-remediation-adk/autonomous-oss-remediation-workspaces/run-20260925T170726Z-89880aad/temp/autonomous-osv-kkdq5xds/repository/.m2/org/eclipse/ee4j/project/1.0.7/project-1.0.7.pom file and found 0 packages
Scanned /home/kavya_parivarababu/oss-remediation-adk/autonomous-oss-remediation-workspaces/run-20260925T170726Z-89880aad/temp/autonomous-osv-kkdq5xds/repository/.m2/org/eclipse/jetty/ee11/jetty-ee11-bom/12.1.8/jetty-ee11-bom-12.1.8.pom file and found 0 packages
Scanned /home/kavya_parivarababu/oss-remediation-adk/autonomous-oss-remediation-workspaces/run-20260925T170726Z-89880aad/temp/autonomous-osv-kkdq5xds/repository/.m2/org/eclipse/jetty/jetty-bom/12.1.8/jetty-bom-12.1.8.pom file and found 0 packages
Scanned /home/kavya_parivarababu/oss-remediation-adk/autonomous-oss-remediation-workspaces/run-20260925T170726Z-89880aad/temp/autonomous-osv-kkdq5xds/repository/.m2/org/assertj/assertj-bom/3.27.7/assertj-bom-3.27.7.pom file and found 0 packages
Scanned /home/kavya_parivarababu/oss-remediation-adk/autonomous-oss-remediation-workspaces/run-20260925T170726Z-89880aad/temp/autonomous-osv-kkdq5xds/repository/.m2/org/assertj/assertj-core/3.27.7/assertj-core-3.27.7.pom file and found 5 packages
Scanned /home/kavya_parivarababu/oss-remediation-adk/autonomous-oss-remediation-workspaces/run-20260925T170726Z-89880aad/temp/autonomous-osv-kkdq5xds/repository/.m2/org/infinispan/infinispan-bom/15.2.6.Final/infinispan-bom-15.2.6.Final.pom file and found 0 packages
Scanned /home/kavya_parivarababu/oss-remediation-adk/autonomous-oss-remediation-workspaces/run-20260925T170726Z-89880aad/temp/autonomous-osv-kkdq5xds/repository/.m2/org/infinispan/infinispan-build-configuration-parent/15.2.6.Final/infinispan-build-configuration-parent-15.2.6.Final.pom file and found 0 packages
Scanned /home/kavya_parivarababu/oss-remediation-adk/autonomous-oss-remediation-workspaces/run-20260925T170726Z-89880aad/temp/autonomous-osv-kkdq5xds/repository/.m2/org/jetbrains/kotlin/kotlin-bom/2.2.21/kotlin-bom-2.2.21.pom file and found 0 packages
Scanned /home/kavya_parivarababu/oss-remediation-adk/autonomous-oss-remediation-workspaces/run-20260925T170726Z-89880aad/temp/autonomous-osv-kkdq5xds/repository/.m2/org/jetbrains/kotlinx/kotlinx-coroutines-bom/1.10.2/kotlinx-coroutines-bom-1.10.2.pom file and found 0 packages
Scanned /home/kavya_parivarababu/oss-remediation-adk/autonomous-oss-remediation-workspaces/run-20260925T170726Z-89880aad/temp/autonomous-osv-kkdq5xds/repository/.m2/org/jetbrains/kotlinx/kotlinx-serialization-bom/1.9.0/kotlinx-serialization-bom-1.9.0.pom file and found 0 packages
Scanned /home/kavya_parivarababu/oss-remediation-adk/autonomous-oss-remediation-workspaces/run-20260925T170726Z-89880aad/temp/autonomous-osv-kkdq5xds/repository/.m2/org/json/json/20231013/json-20231013.pom file and found 3 packages
Scanned /home/kavya_parivarababu/oss-remediation-adk/autonomous-oss-remediation-workspaces/run-20260925T170726Z-89880aad/temp/autonomous-osv-kkdq5xds/repository/.m2/org/tukaani/xz/1.9/xz-1.9.pom file and found 0 packages
Scanned /home/kavya_parivarababu/oss-remediation-adk/autonomous-oss-remediation-workspaces/run-20260925T170726Z-89880aad/temp/autonomous-osv-kkdq5xds/repository/.m2/org/jboss/jboss-parent/52/jboss-parent-52.pom file and found 0 packages
Scanned /home/kavya_parivarababu/oss-remediation-adk/autonomous-oss-remediation-workspaces/run-20260925T170726Z-89880aad/temp/autonomous-osv-kkdq5xds/repository/.m2/org/jboss/logging/jboss-logging/3.6.3.Final/jboss-logging-3.6.3.Final.pom file and found 7 packages
Scanned /home/kavya_parivarababu/oss-remediation-adk/autonomous-oss-remediation-workspaces/run-20260925T170726Z-89880aad/temp/autonomous-osv-kkdq5xds/repository/.m2/org/jooq/jooq-bom/3.19.32/jooq-bom-3.19.32.pom file and found 0 packages
Scanned /home/kavya_parivarababu/oss-remediation-adk/autonomous-oss-remediation-workspaces/run-20260925T170726Z-89880aad/temp/autonomous-osv-kkdq5xds/repository/.m2/org/apache/activemq/activemq-bom/6.1.8/activemq-bom-6.1.8.pom file and found 0 packages
Scanned /home/kavya_parivarababu/oss-remediation-adk/autonomous-oss-remediation-workspaces/run-20260925T170726Z-89880aad/temp/autonomous-osv-kkdq5xds/repository/.m2/org/apache/activemq/artemis-project/2.43.0/artemis-project-2.43.0.pom file and found 0 packages
Scanned /home/kavya_parivarababu/oss-remediation-adk/autonomous-oss-remediation-workspaces/run-20260925T170726Z-89880aad/temp/autonomous-osv-kkdq5xds/repository/.m2/org/apache/activemq/artemis-bom/2.43.0/artemis-bom-2.43.0.pom file and found 0 packages
Scanned /home/kavya_parivarababu/oss-remediation-adk/autonomous-oss-remediation-workspaces/run-20260925T170726Z-89880aad/temp/autonomous-osv-kkdq5xds/repository/.m2/org/apache/tomcat/embed/tomcat-embed-el/11.0.21/tomcat-embed-el-11.0.21.pom file and found 0 packages
Scanned /home/kavya_parivarababu/oss-remediation-adk/autonomous-oss-remediation-workspaces/run-20260925T170726Z-89880aad/temp/autonomous-osv-kkdq5xds/repository/.m2/org/apache/tomcat/embed/tomcat-embed-websocket/11.0.21/tomcat-embed-websocket-11.0.21.pom file and found 1 package
Scanned /home/kavya_parivarababu/oss-remediation-adk/autonomous-oss-remediation-workspaces/run-20260925T170726Z-89880aad/temp/autonomous-osv-kkdq5xds/repository/.m2/org/apache/tomcat/embed/tomcat-embed-core/11.0.25/tomcat-embed-core-11.0.25.pom file and found 1 package
Scanned /home/kavya_parivarababu/oss-remediation-adk/autonomous-oss-remediation-workspaces/run-20260925T170726Z-89880aad/temp/autonomous-osv-kkdq5xds/repository/.m2/org/apache/groovy/groovy-bom/4.0.27/groovy-bom-4.0.27.pom file and found 0 packages
Scanned /home/kavya_parivarababu/oss-remediation-adk/autonomous-oss-remediation-workspaces/run-20260925T170726Z-89880aad/temp/autonomous-osv-kkdq5xds/repository/.m2/org/apache/groovy/groovy-bom/5.0.5/groovy-bom-5.0.5.pom file and found 0 packages
Scanned /home/kavya_parivarababu/oss-remediation-adk/autonomous-oss-remediation-workspaces/run-20260925T170726Z-89880aad/temp/autonomous-osv-kkdq5xds/repository/.m2/org/apache/pulsar/pulsar-bom/4.1.3/pulsar-bom-4.1.3.pom file and found 0 packages
Scanned /home/kavya_parivarababu/oss-remediation-adk/autonomous-oss-remediation-workspaces/run-20260925T170726Z-89880aad/temp/autonomous-osv-kkdq5xds/repository/.m2/org/apache/logging/log4j/log4j-bom/2.25.4/log4j-bom-2.25.4.pom file and found 0 packages
Scanned /home/kavya_parivarababu/oss-remediation-adk/autonomous-oss-remediation-workspaces/run-20260925T170726Z-89880aad/temp/autonomous-osv-kkdq5xds/repository/.m2/org/apache/logging/log4j/log4j-to-slf4j/2.25.4/log4j-to-slf4j-2.25.4.pom file and found 12 packages
Scanned /home/kavya_parivarababu/oss-remediation-adk/autonomous-oss-remediation-workspaces/run-20260925T170726Z-89880aad/temp/autonomous-osv-kkdq5xds/repository/.m2/org/apache/logging/log4j/log4j-api/2.25.4/log4j-api-2.25.4.pom file and found 2 packages
Scanned /home/kavya_parivarababu/oss-remediation-adk/autonomous-oss-remediation-workspaces/run-20260925T170726Z-89880aad/temp/autonomous-osv-kkdq5xds/repository/.m2/org/apache/logging/log4j/log4j/2.25.4/log4j-2.25.4.pom file and found 4 packages
Scanned /home/kavya_parivarababu/oss-remediation-adk/autonomous-oss-remediation-workspaces/run-20260925T170726Z-89880aad/temp/autonomous-osv-kkdq5xds/repository/.m2/org/apache/cassandra/java-driver-bom/4.19.2/java-driver-bom-4.19.2.pom file and found 0 packages
Scanned /home/kavya_parivarababu/oss-remediation-adk/autonomous-oss-remediation-workspaces/run-20260925T170726Z-89880aad/temp/autonomous-osv-kkdq5xds/repository/.m2/org/apache/httpcomponents/client5/httpclient5/5.5.2/httpclient5-5.5.2.pom file and found 12 packages
Scanned /home/kavya_parivarababu/oss-remediation-adk/autonomous-oss-remediation-workspaces/run-20260925T170726Z-89880aad/temp/autonomous-osv-kkdq5xds/repository/.m2/org/apache/httpcomponents/client5/httpclient5-parent/5.5.2/httpclient5-parent-5.5.2.pom file and found 0 packages
Scanned /home/kavya_parivarababu/oss-remediation-adk/autonomous-oss-remediation-workspaces/run-20260925T170726Z-89880aad/temp/autonomous-osv-kkdq5xds/repository/.m2/org/apache/httpcomponents/httpcomponents-parent/13/httpcomponents-parent-13.pom file and found 0 packages
Scanned /home/kavya_parivarababu/oss-remediation-adk/autonomous-oss-remediation-workspaces/run-20260925T170726Z-89880aad/temp/autonomous-osv-kkdq5xds/repository/.m2/org/apache/httpcomponents/httpcomponents-parent/14/httpcomponents-parent-14.pom file and found 0 packages
Scanned /home/kavya_parivarababu/oss-remediation-adk/autonomous-oss-remediation-workspaces/run-20260925T170726Z-89880aad/temp/autonomous-osv-kkdq5xds/repository/.m2/org/apache/httpcomponents/core5/httpcore5/5.3.6/httpcore5-5.3.6.pom file and found 6 packages
Scanned /home/kavya_parivarababu/oss-remediation-adk/autonomous-oss-remediation-workspaces/run-20260925T170726Z-89880aad/temp/autonomous-osv-kkdq5xds/repository/.m2/org/apache/httpcomponents/core5/httpcore5-parent/5.3.6/httpcore5-parent-5.3.6.pom file and found 0 packages
Scanned /home/kavya_parivarababu/oss-remediation-adk/autonomous-oss-remediation-workspaces/run-20260925T170726Z-89880aad/temp/autonomous-osv-kkdq5xds/repository/.m2/org/apache/httpcomponents/core5/httpcore5-h2/5.3.6/httpcore5-h2-5.3.6.pom file and found 8 packages
Scanned /home/kavya_parivarababu/oss-remediation-adk/autonomous-oss-remediation-workspaces/run-20260925T170726Z-89880aad/temp/autonomous-osv-kkdq5xds/repository/.m2/org/apache/apache/33/apache-33.pom file and found 0 packages
Scanned /home/kavya_parivarababu/oss-remediation-adk/autonomous-oss-remediation-workspaces/run-20260925T170726Z-89880aad/temp/autonomous-osv-kkdq5xds/repository/.m2/org/apache/apache/34/apache-34.pom file and found 0 packages
Scanned /home/kavya_parivarababu/oss-remediation-adk/autonomous-oss-remediation-workspaces/run-20260925T170726Z-89880aad/temp/autonomous-osv-kkdq5xds/repository/.m2/org/apache/apache/32/apache-32.pom file and found 0 packages
Scanned /home/kavya_parivarababu/oss-remediation-adk/autonomous-oss-remediation-workspaces/run-20260925T170726Z-89880aad/temp/autonomous-osv-kkdq5xds/repository/.m2/org/apache/apache/29/apache-29.pom file and found 0 packages
Scanned /home/kavya_parivarababu/oss-remediation-adk/autonomous-oss-remediation-workspaces/run-20260925T170726Z-89880aad/temp/autonomous-osv-kkdq5xds/repository/.m2/org/apache/apache/26/apache-26.pom file and found 0 packages
Scanned /home/kavya_parivarababu/oss-remediation-adk/autonomous-oss-remediation-workspaces/run-20260925T170726Z-89880aad/temp/autonomous-osv-kkdq5xds/repository/.m2/org/apache/apache/27/apache-27.pom file and found 0 packages
Scanned /home/kavya_parivarababu/oss-remediation-adk/autonomous-oss-remediation-workspaces/run-20260925T170726Z-89880aad/temp/autonomous-osv-kkdq5xds/repository/.m2/org/apache/apache/23/apache-23.pom file and found 0 packages
Scanned /home/kavya_parivarababu/oss-remediation-adk/autonomous-oss-remediation-workspaces/run-20260925T170726Z-89880aad/temp/autonomous-osv-kkdq5xds/repository/.m2/org/apache/apache/37/apache-37.pom file and found 0 packages
Scanned /home/kavya_parivarababu/oss-remediation-adk/autonomous-oss-remediation-workspaces/run-20260925T170726Z-89880aad/temp/autonomous-osv-kkdq5xds/repository/.m2/org/apache/apache/35/apache-35.pom file and found 0 packages
Scanned /home/kavya_parivarababu/oss-remediation-adk/autonomous-oss-remediation-workspaces/run-20260925T170726Z-89880aad/temp/autonomous-osv-kkdq5xds/repository/.m2/org/apache/apache/21/apache-21.pom file and found 0 packages
Scanned /home/kavya_parivarababu/oss-remediation-adk/autonomous-oss-remediation-workspaces/run-20260925T170726Z-89880aad/temp/autonomous-osv-kkdq5xds/repository/.m2/org/apache/apache/31/apache-31.pom file and found 0 packages
Scanned /home/kavya_parivarababu/oss-remediation-adk/autonomous-oss-remediation-workspaces/run-20260925T170726Z-89880aad/temp/autonomous-osv-kkdq5xds/repository/.m2/org/apache/apache/30/apache-30.pom file and found 0 packages
Scanned /home/kavya_parivarababu/oss-remediation-adk/autonomous-oss-remediation-workspaces/run-20260925T170726Z-89880aad/temp/autonomous-osv-kkdq5xds/repository/.m2/org/apache/apache/13/apache-13.pom file and found 0 packages
Scanned /home/kavya_parivarababu/oss-remediation-adk/autonomous-oss-remediation-workspaces/run-20260925T170726Z-89880aad/temp/autonomous-osv-kkdq5xds/repository/.m2/org/apache/commons/commons-parent/64/commons-parent-64.pom file and found 0 packages
Scanned /home/kavya_parivarababu/oss-remediation-adk/autonomous-oss-remediation-workspaces/run-20260925T170726Z-89880aad/temp/autonomous-osv-kkdq5xds/repository/.m2/org/apache/commons/commons-parent/81/commons-parent-81.pom file and found 0 packages
Scanned /home/kavya_parivarababu/oss-remediation-adk/autonomous-oss-remediation-workspaces/run-20260925T170726Z-89880aad/temp/autonomous-osv-kkdq5xds/repository/.m2/org/apache/commons/commons-parent/69/commons-parent-69.pom file and found 0 packages
Scanned /home/kavya_parivarababu/oss-remediation-adk/autonomous-oss-remediation-workspaces/run-20260925T170726Z-89880aad/temp/autonomous-osv-kkdq5xds/repository/.m2/org/apache/commons/commons-parent/52/commons-parent-52.pom file and found 0 packages
Scanned /home/kavya_parivarababu/oss-remediation-adk/autonomous-oss-remediation-workspaces/run-20260925T170726Z-89880aad/temp/autonomous-osv-kkdq5xds/repository/.m2/org/apache/commons/commons-parent/71/commons-parent-71.pom file and found 0 packages
Scanned /home/kavya_parivarababu/oss-remediation-adk/autonomous-oss-remediation-workspaces/run-20260925T170726Z-89880aad/temp/autonomous-osv-kkdq5xds/repository/.m2/org/apache/commons/commons-parent/66/commons-parent-66.pom file and found 0 packages
Scanned /home/kavya_parivarababu/oss-remediation-adk/autonomous-oss-remediation-workspaces/run-20260925T170726Z-89880aad/temp/autonomous-osv-kkdq5xds/repository/.m2/org/apache/commons/commons-parent/54/commons-parent-54.pom file and found 0 packages
Scanned /home/kavya_parivarababu/oss-remediation-adk/autonomous-oss-remediation-workspaces/run-20260925T170726Z-89880aad/temp/autonomous-osv-kkdq5xds/repository/.m2/org/apache/commons/commons-parent/72/commons-parent-72.pom file and found 0 packages
Scanned /home/kavya_parivarababu/oss-remediation-adk/autonomous-oss-remediation-workspaces/run-20260925T170726Z-89880aad/temp/autonomous-osv-kkdq5xds/repository/.m2/org/apache/commons/commons-parent/85/commons-parent-85.pom file and found 0 packages
Scanned /home/kavya_parivarababu/oss-remediation-adk/autonomous-oss-remediation-workspaces/run-20260925T170726Z-89880aad/temp/autonomous-osv-kkdq5xds/repository/.m2/org/apache/commons/commons-parent/88/commons-parent-88.pom file and found 0 packages
Scanned /home/kavya_parivarababu/oss-remediation-adk/autonomous-oss-remediation-workspaces/run-20260925T170726Z-89880aad/temp/autonomous-osv-kkdq5xds/repository/.m2/org/apache/commons/commons-parent/97/commons-parent-97.pom file and found 0 packages
Scanned /home/kavya_parivarababu/oss-remediation-adk/autonomous-oss-remediation-workspaces/run-20260925T170726Z-89880aad/temp/autonomous-osv-kkdq5xds/repository/.m2/org/apache/commons/commons-compress/1.26.2/commons-compress-1.26.2.pom file and found 21 packages
Scanned /home/kavya_parivarababu/oss-remediation-adk/autonomous-oss-remediation-workspaces/run-20260925T170726Z-89880aad/temp/autonomous-osv-kkdq5xds/repository/.m2/org/apache/commons/commons-compress/1.27.1/commons-compress-1.27.1.pom file and found 20 packages
Scanned /home/kavya_parivarababu/oss-remediation-adk/autonomous-oss-remediation-workspaces/run-20260925T170726Z-89880aad/temp/autonomous-osv-kkdq5xds/repository/.m2/org/apache/commons/commons-compress/1.26.1/commons-compress-1.26.1.pom file and found 21 packages
Scanned /home/kavya_parivarababu/oss-remediation-adk/autonomous-oss-remediation-workspaces/run-20260925T170726Z-89880aad/temp/autonomous-osv-kkdq5xds/repository/.m2/org/apache/commons/commons-text/1.10.0/commons-text-1.10.0.pom file and found 10 packages
Scanned /home/kavya_parivarababu/oss-remediation-adk/autonomous-oss-remediation-workspaces/run-20260925T170726Z-89880aad/temp/autonomous-osv-kkdq5xds/repository/.m2/org/apache/commons/commons-lang3/3.14.0/commons-lang3-3.14.0.pom file and found 8 packages
Scanned /home/kavya_parivarababu/oss-remediation-adk/autonomous-oss-remediation-workspaces/run-20260925T170726Z-89880aad/temp/autonomous-osv-kkdq5xds/repository/.m2/org/apache/commons/commons-lang3/3.16.0/commons-lang3-3.16.0.pom file and found 8 packages
Scanned /home/kavya_parivarababu/oss-remediation-adk/autonomous-oss-remediation-workspaces/run-20260925T170726Z-89880aad/temp/autonomous-osv-kkdq5xds/repository/.m2/org/apache/commons/commons-lang3/3.12.0/commons-lang3-3.12.0.pom file and found 7 packages
Scanned /home/kavya_parivarababu/oss-remediation-adk/autonomous-oss-remediation-workspaces/run-20260925T170726Z-89880aad/temp/autonomous-osv-kkdq5xds/repository/.m2/org/apache/commons/commons-lang3/3.19.0/commons-lang3-3.19.0.pom file and found 5 packages
Scanned /home/kavya_parivarababu/oss-remediation-adk/autonomous-oss-remediation-workspaces/run-20260925T170726Z-89880aad/temp/autonomous-osv-kkdq5xds/repository/.m2/org/apache/maven/enforcer/enforcer/3.6.2/enforcer-3.6.2.pom file and found 0 packages
Scanned /home/kavya_parivarababu/oss-remediation-adk/autonomous-oss-remediation-workspaces/run-20260925T170726Z-89880aad/temp/autonomous-osv-kkdq5xds/repository/.m2/org/apache/maven/enforcer/enforcer-api/3.6.2/enforcer-api-3.6.2.pom file and found 4 packages
Scanned /home/kavya_parivarababu/oss-remediation-adk/autonomous-oss-remediation-workspaces/run-20260925T170726Z-89880aad/temp/autonomous-osv-kkdq5xds/repository/.m2/org/apache/maven/enforcer/enforcer-rules/3.6.2/enforcer-rules-3.6.2.pom file and found 25 packages
Scanned /home/kavya_parivarababu/oss-remediation-adk/autonomous-oss-remediation-workspaces/run-20260925T170726Z-89880aad/temp/autonomous-osv-kkdq5xds/repository/.m2/org/apache/maven/maven-parent/36/maven-parent-36.pom file and found 0 packages
Scanned /home/kavya_parivarababu/oss-remediation-adk/autonomous-oss-remediation-workspaces/run-20260925T170726Z-89880aad/temp/autonomous-osv-kkdq5xds/repository/.m2/org/apache/maven/maven-parent/33/maven-parent-33.pom file and found 0 packages
Scanned /home/kavya_parivarababu/oss-remediation-adk/autonomous-oss-remediation-workspaces/run-20260925T170726Z-89880aad/temp/autonomous-osv-kkdq5xds/repository/.m2/org/apache/maven/maven-parent/47/maven-parent-47.pom file and found 0 packages
Scanned /home/kavya_parivarababu/oss-remediation-adk/autonomous-oss-remediation-workspaces/run-20260925T170726Z-89880aad/temp/autonomous-osv-kkdq5xds/repository/.m2/org/apache/maven/maven-parent/39/maven-parent-39.pom file and found 0 packages
Scanned /home/kavya_parivarababu/oss-remediation-adk/autonomous-oss-remediation-workspaces/run-20260925T170726Z-89880aad/temp/autonomous-osv-kkdq5xds/repository/.m2/org/apache/maven/maven-parent/23/maven-parent-23.pom file and found 0 packages
Scanned /home/kavya_parivarababu/oss-remediation-adk/autonomous-oss-remediation-workspaces/run-20260925T170726Z-89880aad/temp/autonomous-osv-kkdq5xds/repository/.m2/org/apache/maven/maven-parent/44/maven-parent-44.pom file and found 0 packages
Scanned /home/kavya_parivarababu/oss-remediation-adk/autonomous-oss-remediation-workspaces/run-20260925T170726Z-89880aad/temp/autonomous-osv-kkdq5xds/repository/.m2/org/apache/maven/maven-parent/41/maven-parent-41.pom file and found 0 packages
Scanned /home/kavya_parivarababu/oss-remediation-adk/autonomous-oss-remediation-workspaces/run-20260925T170726Z-89880aad/temp/autonomous-osv-kkdq5xds/repository/.m2/org/apache/maven/maven-parent/45/maven-parent-45.pom file and found 0 packages
Scanned /home/kavya_parivarababu/oss-remediation-adk/autonomous-oss-remediation-workspaces/run-20260925T170726Z-89880aad/temp/autonomous-osv-kkdq5xds/repository/.m2/org/apache/maven/maven-parent/42/maven-parent-42.pom file and found 0 packages
Scanned /home/kavya_parivarababu/oss-remediation-adk/autonomous-oss-remediation-workspaces/run-20260925T170726Z-89880aad/temp/autonomous-osv-kkdq5xds/repository/.m2/org/apache/maven/plugins/maven-compiler-plugin/3.14.1/maven-compiler-plugin-3.14.1.pom file and found 16 packages
Scanned /home/kavya_parivarababu/oss-remediation-adk/autonomous-oss-remediation-workspaces/run-20260925T170726Z-89880aad/temp/autonomous-osv-kkdq5xds/repository/.m2/org/apache/maven/plugins/maven-resources-plugin/3.3.1/maven-resources-plugin-3.3.1.pom file and found 15 packages
Scanned /home/kavya_parivarababu/oss-remediation-adk/autonomous-oss-remediation-workspaces/run-20260925T170726Z-89880aad/temp/autonomous-osv-kkdq5xds/repository/.m2/org/apache/maven/plugins/maven-surefire-plugin/3.5.5/maven-surefire-plugin-3.5.5.pom file and found 6 packages
Scanned /home/kavya_parivarababu/oss-remediation-adk/autonomous-oss-remediation-workspaces/run-20260925T170726Z-89880aad/temp/autonomous-osv-kkdq5xds/repository/.m2/org/apache/maven/plugins/maven-jar-plugin/3.4.2/maven-jar-plugin-3.4.2.pom file and found 14 packages
Scanned /home/kavya_parivarababu/oss-remediation-adk/autonomous-oss-remediation-workspaces/run-20260925T170726Z-89880aad/temp/autonomous-osv-kkdq5xds/repository/.m2/org/apache/maven/plugins/maven-clean-plugin/3.5.0/maven-clean-plugin-3.5.0.pom file and found 9 packages
Scanned /home/kavya_parivarababu/oss-remediation-adk/autonomous-oss-remediation-workspaces/run-20260925T170726Z-89880aad/temp/autonomous-osv-kkdq5xds/repository/.m2/org/apache/maven/plugins/maven-enforcer-plugin/3.6.2/maven-enforcer-plugin-3.6.2.pom file and found 15 packages
Scanned /home/kavya_parivarababu/oss-remediation-adk/autonomous-oss-remediation-workspaces/run-20260925T170726Z-89880aad/temp/autonomous-osv-kkdq5xds/repository/.m2/org/apache/maven/plugins/maven-shade-plugin/3.6.0/maven-shade-plugin-3.6.0.pom file and found 23 packages
Scanned /home/kavya_parivarababu/oss-remediation-adk/autonomous-oss-remediation-workspaces/run-20260925T170726Z-89880aad/temp/autonomous-osv-kkdq5xds/repository/.m2/org/apache/maven/plugins/maven-plugins/39/maven-plugins-39.pom file and found 1 package
Scanned /home/kavya_parivarababu/oss-remediation-adk/autonomous-oss-remediation-workspaces/run-20260925T170726Z-89880aad/temp/autonomous-osv-kkdq5xds/repository/.m2/org/apache/maven/plugins/maven-plugins/44/maven-plugins-44.pom file and found 0 packages
Scanned /home/kavya_parivarababu/oss-remediation-adk/autonomous-oss-remediation-workspaces/run-20260925T170726Z-89880aad/temp/autonomous-osv-kkdq5xds/repository/.m2/org/apache/maven/plugins/maven-plugins/45/maven-plugins-45.pom file and found 0 packages
Scanned /home/kavya_parivarababu/oss-remediation-adk/autonomous-oss-remediation-workspaces/run-20260925T170726Z-89880aad/temp/autonomous-osv-kkdq5xds/repository/.m2/org/apache/maven/plugins/maven-plugins/42/maven-plugins-42.pom file and found 1 package
Scanned /home/kavya_parivarababu/oss-remediation-adk/autonomous-oss-remediation-workspaces/run-20260925T170726Z-89880aad/temp/autonomous-osv-kkdq5xds/repository/.m2/org/apache/maven/shared/maven-shared-components/36/maven-shared-components-36.pom file and found 0 packages
Scanned /home/kavya_parivarababu/oss-remediation-adk/autonomous-oss-remediation-workspaces/run-20260925T170726Z-89880aad/temp/autonomous-osv-kkdq5xds/repository/.m2/org/apache/maven/shared/maven-shared-components/39/maven-shared-components-39.pom file and found 0 packages
Scanned /home/kavya_parivarababu/oss-remediation-adk/autonomous-oss-remediation-workspaces/run-20260925T170726Z-89880aad/temp/autonomous-osv-kkdq5xds/repository/.m2/org/apache/maven/shared/maven-shared-components/19/maven-shared-components-19.pom file and found 0 packages
Scanned /home/kavya_parivarababu/oss-remediation-adk/autonomous-oss-remediation-workspaces/run-20260925T170726Z-89880aad/temp/autonomous-osv-kkdq5xds/repository/.m2/org/apache/maven/shared/maven-shared-components/41/maven-shared-components-41.pom file and found 0 packages
Scanned /home/kavya_parivarababu/oss-remediation-adk/autonomous-oss-remediation-workspaces/run-20260925T170726Z-89880aad/temp/autonomous-osv-kkdq5xds/repository/.m2/org/apache/maven/shared/maven-shared-components/42/maven-shared-components-42.pom file and found 0 packages
Ambiguous interpolation match for org.sonatype.plexus:plexus-build-api in home/kavya_parivarababu/oss-remediation-adk/autonomous-oss-remediation-workspaces/run-20260925T170726Z-89880aad/temp/autonomous-osv-kkdq5xds/repository/.m2/org/apache/maven/shared/maven-filtering/3.3.1/maven-filtering-3.3.1.pom
Ambiguous interpolation match for org.sonatype.plexus:plexus-build-api in home/kavya_parivarababu/oss-remediation-adk/autonomous-oss-remediation-workspaces/run-20260925T170726Z-89880aad/temp/autonomous-osv-kkdq5xds/repository/.m2/org/apache/maven/shared/maven-filtering/3.3.1/maven-filtering-3.3.1.pom
Scanned /home/kavya_parivarababu/oss-remediation-adk/autonomous-oss-remediation-workspaces/run-20260925T170726Z-89880aad/temp/autonomous-osv-kkdq5xds/repository/.m2/org/apache/maven/shared/maven-filtering/3.3.1/maven-filtering-3.3.1.pom file and found 15 packages
Scanned /home/kavya_parivarababu/oss-remediation-adk/autonomous-oss-remediation-workspaces/run-20260925T170726Z-89880aad/temp/autonomous-osv-kkdq5xds/repository/.m2/org/apache/maven/shared/maven-shared-incremental/1.1/maven-shared-incremental-1.1.pom file and found 5 packages
Scanned /home/kavya_parivarababu/oss-remediation-adk/autonomous-oss-remediation-workspaces/run-20260925T170726Z-89880aad/temp/autonomous-osv-kkdq5xds/repository/.m2/org/apache/maven/shared/file-management/3.1.0/file-management-3.1.0.pom file and found 5 packages
Scanned /home/kavya_parivarababu/oss-remediation-adk/autonomous-oss-remediation-workspaces/run-20260925T170726Z-89880aad/temp/autonomous-osv-kkdq5xds/repository/.m2/org/apache/maven/shared/maven-common-artifact-filters/3.4.0/maven-common-artifact-filters-3.4.0.pom file and found 12 packages
Scanned /home/kavya_parivarababu/oss-remediation-adk/autonomous-oss-remediation-workspaces/run-20260925T170726Z-89880aad/temp/autonomous-osv-kkdq5xds/repository/.m2/org/apache/maven/shared/maven-shared-utils/3.4.2/maven-shared-utils-3.4.2.pom file and found 8 packages
Scanned /home/kavya_parivarababu/oss-remediation-adk/autonomous-oss-remediation-workspaces/run-20260925T170726Z-89880aad/temp/autonomous-osv-kkdq5xds/repository/.m2/org/apache/maven/resolver/maven-resolver-api/1.9.23/maven-resolver-api-1.9.23.pom file and found 3 packages
Scanned /home/kavya_parivarababu/oss-remediation-adk/autonomous-oss-remediation-workspaces/run-20260925T170726Z-89880aad/temp/autonomous-osv-kkdq5xds/repository/.m2/org/apache/maven/resolver/maven-resolver-api/1.4.1/maven-resolver-api-1.4.1.pom file and found 3 packages
Scanned /home/kavya_parivarababu/oss-remediation-adk/autonomous-oss-remediation-workspaces/run-20260925T170726Z-89880aad/temp/autonomous-osv-kkdq5xds/repository/.m2/org/apache/maven/resolver/maven-resolver/1.9.23/maven-resolver-1.9.23.pom file and found 0 packages
Scanned /home/kavya_parivarababu/oss-remediation-adk/autonomous-oss-remediation-workspaces/run-20260925T170726Z-89880aad/temp/autonomous-osv-kkdq5xds/repository/.m2/org/apache/maven/resolver/maven-resolver/1.4.1/maven-resolver-1.4.1.pom file and found 0 packages
Scanned /home/kavya_parivarababu/oss-remediation-adk/autonomous-oss-remediation-workspaces/run-20260925T170726Z-89880aad/temp/autonomous-osv-kkdq5xds/repository/.m2/org/apache/maven/resolver/maven-resolver-util/1.9.23/maven-resolver-util-1.9.23.pom file and found 4 packages
Scanned /home/kavya_parivarababu/oss-remediation-adk/autonomous-oss-remediation-workspaces/run-20260925T170726Z-89880aad/temp/autonomous-osv-kkdq5xds/repository/.m2/org/apache/maven/resolver/maven-resolver-util/1.4.1/maven-resolver-util-1.4.1.pom file and found 4 packages
Scanned /home/kavya_parivarababu/oss-remediation-adk/autonomous-oss-remediation-workspaces/run-20260925T170726Z-89880aad/temp/autonomous-osv-kkdq5xds/repository/.m2/org/apache/maven/surefire/surefire-junit-platform/3.5.5/surefire-junit-platform-3.5.5.pom file and found 10 packages
Scanned /home/kavya_parivarababu/oss-remediation-adk/autonomous-oss-remediation-workspaces/run-20260925T170726Z-89880aad/temp/autonomous-osv-kkdq5xds/repository/.m2/org/apache/maven/surefire/surefire-api/3.5.5/surefire-api-3.5.5.pom file and found 7 packages
Scanned /home/kavya_parivarababu/oss-remediation-adk/autonomous-oss-remediation-workspaces/run-20260925T170726Z-89880aad/temp/autonomous-osv-kkdq5xds/repository/.m2/org/apache/maven/surefire/surefire-providers/3.5.5/surefire-providers-3.5.5.pom file and found 0 packages
Scanned /home/kavya_parivarababu/oss-remediation-adk/autonomous-oss-remediation-workspaces/run-20260925T170726Z-89880aad/temp/autonomous-osv-kkdq5xds/repository/.m2/org/apache/maven/surefire/surefire-booter/3.5.5/surefire-booter-3.5.5.pom file and found 10 packages
Scanned /home/kavya_parivarababu/oss-remediation-adk/autonomous-oss-remediation-workspaces/run-20260925T170726Z-89880aad/temp/autonomous-osv-kkdq5xds/repository/.m2/org/apache/maven/surefire/surefire-extensions-spi/3.5.5/surefire-extensions-spi-3.5.5.pom file and found 1 package
Scanned /home/kavya_parivarababu/oss-remediation-adk/autonomous-oss-remediation-workspaces/run-20260925T170726Z-89880aad/temp/autonomous-osv-kkdq5xds/repository/.m2/org/apache/maven/surefire/surefire-extensions-api/3.5.5/surefire-extensions-api-3.5.5.pom file and found 5 packages
Scanned /home/kavya_parivarababu/oss-remediation-adk/autonomous-oss-remediation-workspaces/run-20260925T170726Z-89880aad/temp/autonomous-osv-kkdq5xds/repository/.m2/org/apache/maven/surefire/surefire-logger-api/3.5.5/surefire-logger-api-3.5.5.pom file and found 4 packages
Scanned /home/kavya_parivarababu/oss-remediation-adk/autonomous-oss-remediation-workspaces/run-20260925T170726Z-89880aad/temp/autonomous-osv-kkdq5xds/repository/.m2/org/apache/maven/surefire/surefire-shared-utils/3.5.5/surefire-shared-utils-3.5.5.pom file and found 0 packages
Scanned /home/kavya_parivarababu/oss-remediation-adk/autonomous-oss-remediation-workspaces/run-20260925T170726Z-89880aad/temp/autonomous-osv-kkdq5xds/repository/.m2/org/apache/maven/surefire/surefire/3.5.5/surefire-3.5.5.pom file and found 0 packages
Scanned /home/kavya_parivarababu/oss-remediation-adk/autonomous-oss-remediation-workspaces/run-20260925T170726Z-89880aad/temp/autonomous-osv-kkdq5xds/repository/.m2/org/apache/maven/surefire/common-java5/3.5.5/common-java5-3.5.5.pom file and found 4 packages
Scanned /home/kavya_parivarababu/oss-remediation-adk/autonomous-oss-remediation-workspaces/run-20260925T170726Z-89880aad/temp/autonomous-osv-kkdq5xds/repository/.m2/org/apache/maven/surefire/maven-surefire-common/3.5.5/maven-surefire-common-3.5.5.pom file and found 22 packages
Scanned /home/kavya_parivarababu/oss-remediation-adk/autonomous-oss-remediation-workspaces/run-20260925T170726Z-89880aad/temp/autonomous-osv-kkdq5xds/repository/.m2/org/apache/maven/maven-archiver/3.6.2/maven-archiver-3.6.2.pom file and found 8 packages
Scanned /home/kavya_parivarababu/oss-remediation-adk/autonomous-oss-remediation-workspaces/run-20260925T170726Z-89880aad/temp/autonomous-osv-kkdq5xds/repository/.m2/org/ow2/ow2/1.5.1/ow2-1.5.1.pom file and found 0 packages
Scanned /home/kavya_parivarababu/oss-remediation-adk/autonomous-oss-remediation-workspaces/run-20260925T170726Z-89880aad/temp/autonomous-osv-kkdq5xds/repository/.m2/org/ow2/asm/asm-commons/9.7/asm-commons-9.7.pom file and found 2 packages
Scanned /home/kavya_parivarababu/oss-remediation-adk/autonomous-oss-remediation-workspaces/run-20260925T170726Z-89880aad/temp/autonomous-osv-kkdq5xds/repository/.m2/org/ow2/asm/asm-tree/9.7/asm-tree-9.7.pom file and found 1 package
Scanned /home/kavya_parivarababu/oss-remediation-adk/autonomous-oss-remediation-workspaces/run-20260925T170726Z-89880aad/temp/autonomous-osv-kkdq5xds/repository/.m2/org/ow2/asm/asm/9.7/asm-9.7.pom file and found 0 packages
Scanned /home/kavya_parivarababu/oss-remediation-adk/autonomous-oss-remediation-workspaces/run-20260925T170726Z-89880aad/temp/autonomous-osv-kkdq5xds/repository/.m2/org/ow2/asm/asm/9.7.1/asm-9.7.1.pom file and found 0 packages
Scanned /home/kavya_parivarababu/oss-remediation-adk/autonomous-oss-remediation-workspaces/run-20260925T170726Z-89880aad/temp/autonomous-osv-kkdq5xds/repository/.m2/org/ow2/asm/asm/9.9.1/asm-9.9.1.pom file and found 0 packages
Scanned /home/kavya_parivarababu/oss-remediation-adk/autonomous-oss-remediation-workspaces/run-20260925T170726Z-89880aad/temp/autonomous-osv-kkdq5xds/repository/.m2/org/ow2/asm/asm/9.8/asm-9.8.pom file and found 0 packages
Scanned /home/kavya_parivarababu/oss-remediation-adk/autonomous-oss-remediation-workspaces/run-20260925T170726Z-89880aad/temp/autonomous-osv-kkdq5xds/repository/.m2/org/antlr/antlr4-master/4.7.2/antlr4-master-4.7.2.pom file and found 0 packages
Scanned /home/kavya_parivarababu/oss-remediation-adk/autonomous-oss-remediation-workspaces/run-20260925T170726Z-89880aad/temp/autonomous-osv-kkdq5xds/repository/.m2/org/antlr/antlr4-runtime/4.7.2/antlr4-runtime-4.7.2.pom file and found 0 packages
Scanned /home/kavya_parivarababu/oss-remediation-adk/autonomous-oss-remediation-workspaces/run-20260925T170726Z-89880aad/temp/autonomous-osv-kkdq5xds/repository/.m2/org/springframework/data/spring-data-bom/2025.1.5/spring-data-bom-2025.1.5.pom file and found 0 packages
Scanned /home/kavya_parivarababu/oss-remediation-adk/autonomous-oss-remediation-workspaces/run-20260925T170726Z-89880aad/temp/autonomous-osv-kkdq5xds/repository/.m2/org/springframework/session/spring-session-bom/4.0.3/spring-session-bom-4.0.3.pom file and found 0 packages
Scanned /home/kavya_parivarababu/oss-remediation-adk/autonomous-oss-remediation-workspaces/run-20260925T170726Z-89880aad/temp/autonomous-osv-kkdq5xds/repository/.m2/org/springframework/integration/spring-integration-bom/7.0.4/spring-integration-bom-7.0.4.pom file and found 0 packages
Scanned /home/kavya_parivarababu/oss-remediation-adk/autonomous-oss-remediation-workspaces/run-20260925T170726Z-89880aad/temp/autonomous-osv-kkdq5xds/repository/.m2/org/springframework/spring-core/7.0.7/spring-core-7.0.7.pom file and found 2 packages
Scanned /home/kavya_parivarababu/oss-remediation-adk/autonomous-oss-remediation-workspaces/run-20260925T170726Z-89880aad/temp/autonomous-osv-kkdq5xds/repository/.m2/org/springframework/spring-beans/7.0.7/spring-beans-7.0.7.pom file and found 1 package
Scanned /home/kavya_parivarababu/oss-remediation-adk/autonomous-oss-remediation-workspaces/run-20260925T170726Z-89880aad/temp/autonomous-osv-kkdq5xds/repository/.m2/org/springframework/ws/spring-ws-bom/5.0.1/spring-ws-bom-5.0.1.pom file and found 0 packages
Scanned /home/kavya_parivarababu/oss-remediation-adk/autonomous-oss-remediation-workspaces/run-20260925T170726Z-89880aad/temp/autonomous-osv-kkdq5xds/repository/.m2/org/springframework/spring-context/7.0.7/spring-context-7.0.7.pom file and found 5 packages
Scanned /home/kavya_parivarababu/oss-remediation-adk/autonomous-oss-remediation-workspaces/run-20260925T170726Z-89880aad/temp/autonomous-osv-kkdq5xds/repository/.m2/org/springframework/spring-test/7.0.7/spring-test-7.0.7.pom file and found 1 package
Scanned /home/kavya_parivarababu/oss-remediation-adk/autonomous-oss-remediation-workspaces/run-20260925T170726Z-89880aad/temp/autonomous-osv-kkdq5xds/repository/.m2/org/springframework/restdocs/spring-restdocs-bom/4.0.0/spring-restdocs-bom-4.0.0.pom file and found 0 packages
Scanned /home/kavya_parivarababu/oss-remediation-adk/autonomous-oss-remediation-workspaces/run-20260925T170726Z-89880aad/temp/autonomous-osv-kkdq5xds/repository/.m2/org/springframework/amqp/spring-amqp-bom/4.0.3/spring-amqp-bom-4.0.3.pom file and found 0 packages
Scanned /home/kavya_parivarababu/oss-remediation-adk/autonomous-oss-remediation-workspaces/run-20260925T170726Z-89880aad/temp/autonomous-osv-kkdq5xds/repository/.m2/org/springframework/spring-aop/7.0.7/spring-aop-7.0.7.pom file and found 2 packages
Scanned /home/kavya_parivarababu/oss-remediation-adk/autonomous-oss-remediation-workspaces/run-20260925T170726Z-89880aad/temp/autonomous-osv-kkdq5xds/repository/.m2/org/springframework/security/spring-security-bom/7.0.5/spring-security-bom-7.0.5.pom file and found 0 packages
Scanned /home/kavya_parivarababu/oss-remediation-adk/autonomous-oss-remediation-workspaces/run-20260925T170726Z-89880aad/temp/autonomous-osv-kkdq5xds/repository/.m2/org/springframework/pulsar/spring-pulsar-bom/2.0.5/spring-pulsar-bom-2.0.5.pom file and found 0 packages
Scanned /home/kavya_parivarababu/oss-remediation-adk/autonomous-oss-remediation-workspaces/run-20260925T170726Z-89880aad/temp/autonomous-osv-kkdq5xds/repository/.m2/org/springframework/boot/spring-boot-buildpack-platform/4.0.6/spring-boot-buildpack-platform-4.0.6.pom file and found 6 packages
Scanned /home/kavya_parivarababu/oss-remediation-adk/autonomous-oss-remediation-workspaces/run-20260925T170726Z-89880aad/temp/autonomous-osv-kkdq5xds/repository/.m2/org/springframework/boot/spring-boot-dependencies/4.0.6/spring-boot-dependencies-4.0.6.pom file and found 0 packages
Scanned /home/kavya_parivarababu/oss-remediation-adk/autonomous-oss-remediation-workspaces/run-20260925T170726Z-89880aad/temp/autonomous-osv-kkdq5xds/repository/.m2/org/springframework/boot/spring-boot-validation/4.0.6/spring-boot-validation-4.0.6.pom file and found 3 packages
Scanned /home/kavya_parivarababu/oss-remediation-adk/autonomous-oss-remediation-workspaces/run-20260925T170726Z-89880aad/temp/autonomous-osv-kkdq5xds/repository/.m2/org/springframework/boot/spring-boot-starter-tomcat/4.0.6/spring-boot-starter-tomcat-4.0.6.pom file and found 3 packages
Scanned /home/kavya_parivarababu/oss-remediation-adk/autonomous-oss-remediation-workspaces/run-20260925T170726Z-89880aad/temp/autonomous-osv-kkdq5xds/repository/.m2/org/springframework/boot/spring-boot-http-converter/4.0.6/spring-boot-http-converter-4.0.6.pom file and found 2 packages
Scanned /home/kavya_parivarababu/oss-remediation-adk/autonomous-oss-remediation-workspaces/run-20260925T170726Z-89880aad/temp/autonomous-osv-kkdq5xds/repository/.m2/org/springframework/boot/spring-boot-test/4.0.6/spring-boot-test-4.0.6.pom file and found 2 packages
Scanned /home/kavya_parivarababu/oss-remediation-adk/autonomous-oss-remediation-workspaces/run-20260925T170726Z-89880aad/temp/autonomous-osv-kkdq5xds/repository/.m2/org/springframework/boot/spring-boot-micrometer-observation/4.0.6/spring-boot-micrometer-observation-4.0.6.pom file and found 2 packages
Scanned /home/kavya_parivarababu/oss-remediation-adk/autonomous-oss-remediation-workspaces/run-20260925T170726Z-89880aad/temp/autonomous-osv-kkdq5xds/repository/.m2/org/springframework/boot/spring-boot-starter-validation/4.0.6/spring-boot-starter-validation-4.0.6.pom file and found 2 packages
Scanned /home/kavya_parivarababu/oss-remediation-adk/autonomous-oss-remediation-workspaces/run-20260925T170726Z-89880aad/temp/autonomous-osv-kkdq5xds/repository/.m2/org/springframework/boot/spring-boot-tomcat/4.0.6/spring-boot-tomcat-4.0.6.pom file and found 3 packages
Scanned /home/kavya_parivarababu/oss-remediation-adk/autonomous-oss-remediation-workspaces/run-20260925T170726Z-89880aad/temp/autonomous-osv-kkdq5xds/repository/.m2/org/springframework/boot/spring-boot-actuator/4.0.6/spring-boot-actuator-4.0.6.pom file and found 1 package
Scanned /home/kavya_parivarababu/oss-remediation-adk/autonomous-oss-remediation-workspaces/run-20260925T170726Z-89880aad/temp/autonomous-osv-kkdq5xds/repository/.m2/org/springframework/boot/spring-boot-starter-test/4.0.6/spring-boot-starter-test-4.0.6.pom file and found 16 packages
Scanned /home/kavya_parivarababu/oss-remediation-adk/autonomous-oss-remediation-workspaces/run-20260925T170726Z-89880aad/temp/autonomous-osv-kkdq5xds/repository/.m2/org/springframework/boot/spring-boot-test-autoconfigure/4.0.6/spring-boot-test-autoconfigure-4.0.6.pom file and found 1 package
Scanned /home/kavya_parivarababu/oss-remediation-adk/autonomous-oss-remediation-workspaces/run-20260925T170726Z-89880aad/temp/autonomous-osv-kkdq5xds/repository/.m2/org/springframework/boot/spring-boot-starter-micrometer-metrics/4.0.6/spring-boot-starter-micrometer-metrics-4.0.6.pom file and found 2 packages
Scanned /home/kavya_parivarababu/oss-remediation-adk/autonomous-oss-remediation-workspaces/run-20260925T170726Z-89880aad/temp/autonomous-osv-kkdq5xds/repository/.m2/org/springframework/boot/spring-boot-micrometer-metrics/4.0.6/spring-boot-micrometer-metrics-4.0.6.pom file and found 3 packages
Scanned /home/kavya_parivarababu/oss-remediation-adk/autonomous-oss-remediation-workspaces/run-20260925T170726Z-89880aad/temp/autonomous-osv-kkdq5xds/repository/.m2/org/springframework/boot/spring-boot-starter-logging/4.0.6/spring-boot-starter-logging-4.0.6.pom file and found 3 packages
Scanned /home/kavya_parivarababu/oss-remediation-adk/autonomous-oss-remediation-workspaces/run-20260925T170726Z-89880aad/temp/autonomous-osv-kkdq5xds/repository/.m2/org/springframework/boot/spring-boot-maven-plugin/4.0.6/spring-boot-maven-plugin-4.0.6.pom file and found 7 packages
Scanned /home/kavya_parivarababu/oss-remediation-adk/autonomous-oss-remediation-workspaces/run-20260925T170726Z-89880aad/temp/autonomous-osv-kkdq5xds/repository/.m2/org/springframework/boot/spring-boot-servlet/4.0.6/spring-boot-servlet-4.0.6.pom file and found 2 packages
Scanned /home/kavya_parivarababu/oss-remediation-adk/autonomous-oss-remediation-workspaces/run-20260925T170726Z-89880aad/temp/autonomous-osv-kkdq5xds/repository/.m2/org/springframework/boot/spring-boot-web-server/4.0.6/spring-boot-web-server-4.0.6.pom file and found 2 packages
Scanned /home/kavya_parivarababu/oss-remediation-adk/autonomous-oss-remediation-workspaces/run-20260925T170726Z-89880aad/temp/autonomous-osv-kkdq5xds/repository/.m2/org/springframework/boot/spring-boot-starter-parent/4.0.6/spring-boot-starter-parent-4.0.6.pom file and found 0 packages
Scanned /home/kavya_parivarababu/oss-remediation-adk/autonomous-oss-remediation-workspaces/run-20260925T170726Z-89880aad/temp/autonomous-osv-kkdq5xds/repository/.m2/org/springframework/boot/spring-boot-starter-jackson/4.0.6/spring-boot-starter-jackson-4.0.6.pom file and found 2 packages
Scanned /home/kavya_parivarababu/oss-remediation-adk/autonomous-oss-remediation-workspaces/run-20260925T170726Z-89880aad/temp/autonomous-osv-kkdq5xds/repository/.m2/org/springframework/boot/spring-boot-autoconfigure/4.0.6/spring-boot-autoconfigure-4.0.6.pom file and found 1 package
Scanned /home/kavya_parivarababu/oss-remediation-adk/autonomous-oss-remediation-workspaces/run-20260925T170726Z-89880aad/temp/autonomous-osv-kkdq5xds/repository/.m2/org/springframework/boot/spring-boot-starter/4.0.6/spring-boot-starter-4.0.6.pom file and found 4 packages
Scanned /home/kavya_parivarababu/oss-remediation-adk/autonomous-oss-remediation-workspaces/run-20260925T170726Z-89880aad/temp/autonomous-osv-kkdq5xds/repository/.m2/org/springframework/boot/spring-boot-starter-webmvc/4.0.6/spring-boot-starter-webmvc-4.0.6.pom file and found 5 packages
Scanned /home/kavya_parivarababu/oss-remediation-adk/autonomous-oss-remediation-workspaces/run-20260925T170726Z-89880aad/temp/autonomous-osv-kkdq5xds/repository/.m2/org/springframework/boot/spring-boot-health/4.0.6/spring-boot-health-4.0.6.pom file and found 1 package
Scanned /home/kavya_parivarababu/oss-remediation-adk/autonomous-oss-remediation-workspaces/run-20260925T170726Z-89880aad/temp/autonomous-osv-kkdq5xds/repository/.m2/org/springframework/boot/spring-boot-starter-tomcat-runtime/4.0.6/spring-boot-starter-tomcat-runtime-4.0.6.pom file and found 6 packages
Scanned /home/kavya_parivarababu/oss-remediation-adk/autonomous-oss-remediation-workspaces/run-20260925T170726Z-89880aad/temp/autonomous-osv-kkdq5xds/repository/.m2/org/springframework/boot/spring-boot-webmvc/4.0.6/spring-boot-webmvc-4.0.6.pom file and found 4 packages
Scanned /home/kavya_parivarababu/oss-remediation-adk/autonomous-oss-remediation-workspaces/run-20260925T170726Z-89880aad/temp/autonomous-osv-kkdq5xds/repository/.m2/org/springframework/boot/spring-boot-loader-tools/4.0.6/spring-boot-loader-tools-4.0.6.pom file and found 2 packages
Scanned /home/kavya_parivarababu/oss-remediation-adk/autonomous-oss-remediation-workspaces/run-20260925T170726Z-89880aad/temp/autonomous-osv-kkdq5xds/repository/.m2/org/springframework/boot/spring-boot-jackson/4.0.6/spring-boot-jackson-4.0.6.pom file and found 2 packages
Scanned /home/kavya_parivarababu/oss-remediation-adk/autonomous-oss-remediation-workspaces/run-20260925T170726Z-89880aad/temp/autonomous-osv-kkdq5xds/repository/.m2/org/springframework/boot/spring-boot-starter-actuator/4.0.6/spring-boot-starter-actuator-4.0.6.pom file and found 6 packages
Scanned /home/kavya_parivarababu/oss-remediation-adk/autonomous-oss-remediation-workspaces/run-20260925T170726Z-89880aad/temp/autonomous-osv-kkdq5xds/repository/.m2/org/springframework/boot/spring-boot/4.0.6/spring-boot-4.0.6.pom file and found 2 packages
Scanned /home/kavya_parivarababu/oss-remediation-adk/autonomous-oss-remediation-workspaces/run-20260925T170726Z-89880aad/temp/autonomous-osv-kkdq5xds/repository/.m2/org/springframework/boot/spring-boot-actuator-autoconfigure/4.0.6/spring-boot-actuator-autoconfigure-4.0.6.pom file and found 2 packages
Scanned /home/kavya_parivarababu/oss-remediation-adk/autonomous-oss-remediation-workspaces/run-20260925T170726Z-89880aad/temp/autonomous-osv-kkdq5xds/repository/.m2/org/springframework/spring-framework-bom/5.3.39/spring-framework-bom-5.3.39.pom file and found 0 packages
Scanned /home/kavya_parivarababu/oss-remediation-adk/autonomous-oss-remediation-workspaces/run-20260925T170726Z-89880aad/temp/autonomous-osv-kkdq5xds/repository/.m2/org/springframework/spring-framework-bom/7.0.7/spring-framework-bom-7.0.7.pom file and found 0 packages
Scanned /home/kavya_parivarababu/oss-remediation-adk/autonomous-oss-remediation-workspaces/run-20260925T170726Z-89880aad/temp/autonomous-osv-kkdq5xds/repository/.m2/org/springframework/spring-expression/7.0.8/spring-expression-7.0.8.pom file and found 1 package
Scanned /home/kavya_parivarababu/oss-remediation-adk/autonomous-oss-remediation-workspaces/run-20260925T170726Z-89880aad/temp/autonomous-osv-kkdq5xds/repository/.m2/org/springframework/spring-expression/7.0.7/spring-expression-7.0.7.pom file and found 1 package
Scanned /home/kavya_parivarababu/oss-remediation-adk/autonomous-oss-remediation-workspaces/run-20260925T170726Z-89880aad/temp/autonomous-osv-kkdq5xds/repository/.m2/org/springframework/spring-webmvc/7.0.8/spring-webmvc-7.0.8.pom file and found 6 packages
Scanned /home/kavya_parivarababu/oss-remediation-adk/autonomous-oss-remediation-workspaces/run-20260925T170726Z-89880aad/temp/autonomous-osv-kkdq5xds/repository/.m2/org/springframework/batch/spring-batch-bom/6.0.3/spring-batch-bom-6.0.3.pom file and found 0 packages
Scanned /home/kavya_parivarababu/oss-remediation-adk/autonomous-oss-remediation-workspaces/run-20260925T170726Z-89880aad/temp/autonomous-osv-kkdq5xds/repository/.m2/org/springframework/spring-web/7.0.7/spring-web-7.0.7.pom file and found 3 packages
Scanned /home/kavya_parivarababu/oss-remediation-adk/autonomous-oss-remediation-workspaces/run-20260925T170726Z-89880aad/temp/autonomous-osv-kkdq5xds/repository/.m2/org/xmlunit/xmlunit-parent/2.10.4/xmlunit-parent-2.10.4.pom file and found 0 packages
Scanned /home/kavya_parivarababu/oss-remediation-adk/autonomous-oss-remediation-workspaces/run-20260925T170726Z-89880aad/temp/autonomous-osv-kkdq5xds/repository/.m2/org/xmlunit/xmlunit-core/2.10.4/xmlunit-core-2.10.4.pom file and found 4 packages
Scanned /home/kavya_parivarababu/oss-remediation-adk/autonomous-oss-remediation-workspaces/run-20260925T170726Z-89880aad/temp/autonomous-osv-kkdq5xds/repository/.m2/org/vafer/jdependency/2.10/jdependency-2.10.pom file and found 1 package
Scanned /home/kavya_parivarababu/oss-remediation-adk/autonomous-oss-remediation-workspaces/run-20260925T170726Z-89880aad/temp/autonomous-osv-kkdq5xds/repository/.m2/commons-codec/commons-codec/1.17.0/commons-codec-1.17.0.pom file and found 5 packages
Scanned /home/kavya_parivarababu/oss-remediation-adk/autonomous-oss-remediation-workspaces/run-20260925T170726Z-89880aad/temp/autonomous-osv-kkdq5xds/repository/.m2/commons-codec/commons-codec/1.17.1/commons-codec-1.17.1.pom file and found 5 packages
Scanned /home/kavya_parivarababu/oss-remediation-adk/autonomous-oss-remediation-workspaces/run-20260925T170726Z-89880aad/temp/autonomous-osv-kkdq5xds/repository/.m2/commons-codec/commons-codec/1.19.0/commons-codec-1.19.0.pom file and found 4 packages
Scanned /home/kavya_parivarababu/oss-remediation-adk/autonomous-oss-remediation-workspaces/run-20260925T170726Z-89880aad/temp/autonomous-osv-kkdq5xds/repository/.m2/commons-codec/commons-codec/1.16.1/commons-codec-1.16.1.pom file and found 5 packages
Ambiguous interpolation match for ch.qos.logback:logback-core in home/kavya_parivarababu/oss-remediation-adk/autonomous-oss-remediation-workspaces/run-20260925T170726Z-89880aad/temp/autonomous-osv-kkdq5xds/repository/.m2/commons-logging/commons-logging/1.3.6/commons-logging-1.3.6.pom
Ambiguous interpolation match for ch.qos.logback:logback-core in home/kavya_parivarababu/oss-remediation-adk/autonomous-oss-remediation-workspaces/run-20260925T170726Z-89880aad/temp/autonomous-osv-kkdq5xds/repository/.m2/commons-logging/commons-logging/1.3.6/commons-logging-1.3.6.pom
Scanned /home/kavya_parivarababu/oss-remediation-adk/autonomous-oss-remediation-workspaces/run-20260925T170726Z-89880aad/temp/autonomous-osv-kkdq5xds/repository/.m2/commons-logging/commons-logging/1.3.6/commons-logging-1.3.6.pom file and found 12 packages
Ambiguous interpolation match for ch.qos.logback:logback-core in home/kavya_parivarababu/oss-remediation-adk/autonomous-oss-remediation-workspaces/run-20260925T170726Z-89880aad/temp/autonomous-osv-kkdq5xds/repository/.m2/commons-logging/commons-logging/1.3.5/commons-logging-1.3.5.pom
Ambiguous interpolation match for ch.qos.logback:logback-core in home/kavya_parivarababu/oss-remediation-adk/autonomous-oss-remediation-workspaces/run-20260925T170726Z-89880aad/temp/autonomous-osv-kkdq5xds/repository/.m2/commons-logging/commons-logging/1.3.5/commons-logging-1.3.5.pom
Scanned /home/kavya_parivarababu/oss-remediation-adk/autonomous-oss-remediation-workspaces/run-20260925T170726Z-89880aad/temp/autonomous-osv-kkdq5xds/repository/.m2/commons-logging/commons-logging/1.3.5/commons-logging-1.3.5.pom file and found 12 packages
Scanned /home/kavya_parivarababu/oss-remediation-adk/autonomous-oss-remediation-workspaces/run-20260925T170726Z-89880aad/temp/autonomous-osv-kkdq5xds/repository/.m2/commons-io/commons-io/2.16.1/commons-io-2.16.1.pom file and found 10 packages
Scanned /home/kavya_parivarababu/oss-remediation-adk/autonomous-oss-remediation-workspaces/run-20260925T170726Z-89880aad/temp/autonomous-osv-kkdq5xds/repository/.m2/commons-io/commons-io/2.20.0/commons-io-2.20.0.pom file and found 7 packages
Scanned /home/kavya_parivarababu/oss-remediation-adk/autonomous-oss-remediation-workspaces/run-20260925T170726Z-89880aad/temp/autonomous-osv-kkdq5xds/repository/.m2/commons-io/commons-io/2.11.0/commons-io-2.11.0.pom file and found 7 packages
Scanned /home/kavya_parivarababu/oss-remediation-adk/autonomous-oss-remediation-workspaces/run-20260925T170726Z-89880aad/temp/autonomous-osv-kkdq5xds/repository/.m2/javax/inject/javax.inject/1/javax.inject-1.pom file and found 0 packages
Scanned /home/kavya_parivarababu/oss-remediation-adk/autonomous-oss-remediation-workspaces/run-20260925T170726Z-89880aad/temp/autonomous-osv-kkdq5xds/repository/.m2/tools/jackson/jackson-bom/3.1.2/jackson-bom-3.1.2.pom file and found 0 packages
Scanned /home/kavya_parivarababu/oss-remediation-adk/autonomous-oss-remediation-workspaces/run-20260925T170726Z-89880aad/temp/autonomous-osv-kkdq5xds/repository/.m2/tools/jackson/core/jackson-core/3.1.2/jackson-core-3.1.2.pom file and found 0 packages
Scanned /home/kavya_parivarababu/oss-remediation-adk/autonomous-oss-remediation-workspaces/run-20260925T170726Z-89880aad/temp/autonomous-osv-kkdq5xds/repository/.m2/tools/jackson/core/jackson-databind/3.1.2/jackson-databind-3.1.2.pom file and found 6 packages
Scanned /home/kavya_parivarababu/oss-remediation-adk/autonomous-oss-remediation-workspaces/run-20260925T170726Z-89880aad/temp/autonomous-osv-kkdq5xds/repository/.m2/tools/jackson/jackson-base/3.1.2/jackson-base-3.1.2.pom file and found 0 packages
Scanned /home/kavya_parivarababu/oss-remediation-adk/autonomous-oss-remediation-workspaces/run-20260925T170726Z-89880aad/temp/autonomous-osv-kkdq5xds/repository/.m2/io/zipkin/reporter2/zipkin-reporter-bom/3.5.3/zipkin-reporter-bom-3.5.3.pom file and found 0 packages
Scanned /home/kavya_parivarababu/oss-remediation-adk/autonomous-oss-remediation-workspaces/run-20260925T170726Z-89880aad/temp/autonomous-osv-kkdq5xds/repository/.m2/io/zipkin/brave/brave-bom/6.3.1/brave-bom-6.3.1.pom file and found 0 packages
Scanned /home/kavya_parivarababu/oss-remediation-adk/autonomous-oss-remediation-workspaces/run-20260925T170726Z-89880aad/temp/autonomous-osv-kkdq5xds/repository/.m2/io/rsocket/rsocket-bom/1.1.5/rsocket-bom-1.1.5.pom file and found 0 packages
Scanned /home/kavya_parivarababu/oss-remediation-adk/autonomous-oss-remediation-workspaces/run-20260925T170726Z-89880aad/temp/autonomous-osv-kkdq5xds/repository/.m2/io/opentelemetry/opentelemetry-bom/1.55.0/opentelemetry-bom-1.55.0.pom file and found 0 packages
Scanned /home/kavya_parivarababu/oss-remediation-adk/autonomous-oss-remediation-workspaces/run-20260925T170726Z-89880aad/temp/autonomous-osv-kkdq5xds/repository/.m2/io/projectreactor/reactor-bom/2025.0.5/reactor-bom-2025.0.5.pom file and found 0 packages
Scanned /home/kavya_parivarababu/oss-remediation-adk/autonomous-oss-remediation-workspaces/run-20260925T170726Z-89880aad/temp/autonomous-osv-kkdq5xds/repository/.m2/io/prometheus/simpleclient_bom/0.16.0/simpleclient_bom-0.16.0.pom file and found 0 packages
Scanned /home/kavya_parivarababu/oss-remediation-adk/autonomous-oss-remediation-workspaces/run-20260925T170726Z-89880aad/temp/autonomous-osv-kkdq5xds/repository/.m2/io/prometheus/client_java_parent/1.4.3/client_java_parent-1.4.3.pom file and found 0 packages
Scanned /home/kavya_parivarababu/oss-remediation-adk/autonomous-oss-remediation-workspaces/run-20260925T170726Z-89880aad/temp/autonomous-osv-kkdq5xds/repository/.m2/io/prometheus/parent/0.16.0/parent-0.16.0.pom file and found 0 packages
Scanned /home/kavya_parivarababu/oss-remediation-adk/autonomous-oss-remediation-workspaces/run-20260925T170726Z-89880aad/temp/autonomous-osv-kkdq5xds/repository/.m2/io/prometheus/prometheus-metrics-bom/1.4.3/prometheus-metrics-bom-1.4.3.pom file and found 0 packages
Scanned /home/kavya_parivarababu/oss-remediation-adk/autonomous-oss-remediation-workspaces/run-20260925T170726Z-89880aad/temp/autonomous-osv-kkdq5xds/repository/.m2/io/netty/netty-bom/4.2.12.Final/netty-bom-4.2.12.Final.pom file and found 0 packages
Scanned /home/kavya_parivarababu/oss-remediation-adk/autonomous-oss-remediation-workspaces/run-20260925T170726Z-89880aad/temp/autonomous-osv-kkdq5xds/repository/.m2/io/micrometer/micrometer-bom/1.16.5/micrometer-bom-1.16.5.pom file and found 0 packages
Scanned /home/kavya_parivarababu/oss-remediation-adk/autonomous-oss-remediation-workspaces/run-20260925T170726Z-89880aad/temp/autonomous-osv-kkdq5xds/repository/.m2/io/micrometer/micrometer-jakarta9/1.16.5/micrometer-jakarta9-1.16.5.pom file and found 6 packages
Scanned /home/kavya_parivarababu/oss-remediation-adk/autonomous-oss-remediation-workspaces/run-20260925T170726Z-89880aad/temp/autonomous-osv-kkdq5xds/repository/.m2/io/micrometer/micrometer-core/1.16.6/micrometer-core-1.16.6.pom file and found 36 packages
Scanned /home/kavya_parivarababu/oss-remediation-adk/autonomous-oss-remediation-workspaces/run-20260925T170726Z-89880aad/temp/autonomous-osv-kkdq5xds/repository/.m2/io/micrometer/micrometer-commons/1.16.5/micrometer-commons-1.16.5.pom file and found 4 packages
Scanned /home/kavya_parivarababu/oss-remediation-adk/autonomous-oss-remediation-workspaces/run-20260925T170726Z-89880aad/temp/autonomous-osv-kkdq5xds/repository/.m2/io/micrometer/micrometer-observation/1.16.5/micrometer-observation-1.16.5.pom file and found 5 packages
Scanned /home/kavya_parivarababu/oss-remediation-adk/autonomous-oss-remediation-workspaces/run-20260925T170726Z-89880aad/temp/autonomous-osv-kkdq5xds/repository/.m2/net/java/dev/jna/jna-platform/5.17.0/jna-platform-5.17.0.pom file and found 1 package
Scanned /home/kavya_parivarababu/oss-remediation-adk/autonomous-oss-remediation-workspaces/run-20260925T170726Z-89880aad/temp/autonomous-osv-kkdq5xds/repository/.m2/net/java/dev/jna/jna/5.17.0/jna-5.17.0.pom file and found 0 packages
Scanned /home/kavya_parivarababu/oss-remediation-adk/autonomous-oss-remediation-workspaces/run-20260925T170726Z-89880aad/temp/autonomous-osv-kkdq5xds/repository/.m2/net/minidev/json-smart/2.6.0/json-smart-2.6.0.pom file and found 3 packages
Scanned /home/kavya_parivarababu/oss-remediation-adk/autonomous-oss-remediation-workspaces/run-20260925T170726Z-89880aad/temp/autonomous-osv-kkdq5xds/repository/.m2/net/minidev/accessors-smart/2.6.0/accessors-smart-2.6.0.pom file and found 2 packages
Scanned /home/kavya_parivarababu/oss-remediation-adk/autonomous-oss-remediation-workspaces/run-20260925T170726Z-89880aad/temp/autonomous-osv-kkdq5xds/repository/.m2/net/bytebuddy/byte-buddy-parent/1.17.8/byte-buddy-parent-1.17.8.pom file and found 2 packages
Scanned /home/kavya_parivarababu/oss-remediation-adk/autonomous-oss-remediation-workspaces/run-20260925T170726Z-89880aad/temp/autonomous-osv-kkdq5xds/repository/.m2/net/bytebuddy/byte-buddy-agent/1.17.8/byte-buddy-agent-1.17.8.pom file and found 1 package
Scanned /home/kavya_parivarababu/oss-remediation-adk/autonomous-oss-remediation-workspaces/run-20260925T170726Z-89880aad/temp/autonomous-osv-kkdq5xds/repository/.m2/net/bytebuddy/byte-buddy/1.17.8/byte-buddy-1.17.8.pom file and found 4 packages
Scanned /home/kavya_parivarababu/oss-remediation-adk/autonomous-oss-remediation-workspaces/run-20260925T170726Z-89880aad/temp/autonomous-osv-kkdq5xds/repository/.m2/jakarta/activation/jakarta.activation-api/2.1.4/jakarta.activation-api-2.1.4.pom file and found 0 packages
Scanned /home/kavya_parivarababu/oss-remediation-adk/autonomous-oss-remediation-workspaces/run-20260925T170726Z-89880aad/temp/autonomous-osv-kkdq5xds/repository/.m2/jakarta/platform/jakartaee-api-parent/9.1.0/jakartaee-api-parent-9.1.0.pom file and found 0 packages
Scanned /home/kavya_parivarababu/oss-remediation-adk/autonomous-oss-remediation-workspaces/run-20260925T170726Z-89880aad/temp/autonomous-osv-kkdq5xds/repository/.m2/jakarta/platform/jakarta.jakartaee-bom/9.1.0/jakarta.jakartaee-bom-9.1.0.pom file and found 0 packages
Scanned /home/kavya_parivarababu/oss-remediation-adk/autonomous-oss-remediation-workspaces/run-20260925T170726Z-89880aad/temp/autonomous-osv-kkdq5xds/repository/.m2/jakarta/validation/jakarta.validation-api/3.1.1/jakarta.validation-api-3.1.1.pom file and found 1 package
Scanned /home/kavya_parivarababu/oss-remediation-adk/autonomous-oss-remediation-workspaces/run-20260925T170726Z-89880aad/temp/autonomous-osv-kkdq5xds/repository/.m2/jakarta/xml/bind/jakarta.xml.bind-api/4.0.4/jakarta.xml.bind-api-4.0.4.pom file and found 2 packages
Scanned /home/kavya_parivarababu/oss-remediation-adk/autonomous-oss-remediation-workspaces/run-20260925T170726Z-89880aad/temp/autonomous-osv-kkdq5xds/repository/.m2/jakarta/xml/bind/jakarta.xml.bind-api-parent/4.0.4/jakarta.xml.bind-api-parent-4.0.4.pom file and found 0 packages
Scanned /home/kavya_parivarababu/oss-remediation-adk/autonomous-oss-remediation-workspaces/run-20260925T170726Z-89880aad/temp/autonomous-osv-kkdq5xds/repository/.m2/jakarta/annotation/jakarta.annotation-api/3.0.0/jakarta.annotation-api-3.0.0.pom file and found 0 packages
Scanned /home/kavya_parivarababu/oss-remediation-adk/autonomous-oss-remediation-workspaces/run-20260925T170726Z-89880aad/temp/autonomous-osv-kkdq5xds/repository/.m2/com/github/luben/zstd-jni/1.5.5-11/zstd-jni-1.5.5-11.pom file and found 2 packages
Scanned /home/kavya_parivarababu/oss-remediation-adk/autonomous-oss-remediation-workspaces/run-20260925T170726Z-89880aad/temp/autonomous-osv-kkdq5xds/repository/.m2/com/jayway/jsonpath/json-path/2.10.0/json-path-2.10.0.pom file and found 2 packages
Scanned /home/kavya_parivarababu/oss-remediation-adk/autonomous-oss-remediation-workspaces/run-20260925T170726Z-89880aad/temp/autonomous-osv-kkdq5xds/repository/.m2/com/google/code/findbugs/jsr305/3.0.2/jsr305-3.0.2.pom file and found 0 packages
Scanned /home/kavya_parivarababu/oss-remediation-adk/autonomous-oss-remediation-workspaces/run-20260925T170726Z-89880aad/temp/autonomous-osv-kkdq5xds/repository/.m2/com/vaadin/external/google file and found 0 packages
Scanned /home/kavya_parivarababu/oss-remediation-adk/autonomous-oss-remediation-workspaces/run-20260925T170726Z-89880aad/temp/autonomous-osv-kkdq5xds/repository/.m2/com/vaadin/external/google/android-json/0.0.20131108.vaadin1/android-json-0.0.20131108.vaadin1.pom file and found 0 packages
Scanned /home/kavya_parivarababu/oss-remediation-adk/autonomous-oss-remediation-workspaces/run-20260925T170726Z-89880aad/temp/autonomous-osv-kkdq5xds/repository/.m2/com/fasterxml/jackson/jackson-bom/2.19.1/jackson-bom-2.19.1.pom file and found 0 packages
Scanned /home/kavya_parivarababu/oss-remediation-adk/autonomous-oss-remediation-workspaces/run-20260925T170726Z-89880aad/temp/autonomous-osv-kkdq5xds/repository/.m2/com/fasterxml/jackson/jackson-bom/2.21.2/jackson-bom-2.21.2.pom file and found 0 packages
Scanned /home/kavya_parivarababu/oss-remediation-adk/autonomous-oss-remediation-workspaces/run-20260925T170726Z-89880aad/temp/autonomous-osv-kkdq5xds/repository/.m2/com/fasterxml/jackson/core/jackson-annotations/2.21/jackson-annotations-2.21.pom file and found 0 packages
Scanned /home/kavya_parivarababu/oss-remediation-adk/autonomous-oss-remediation-workspaces/run-20260925T170726Z-89880aad/temp/autonomous-osv-kkdq5xds/repository/.m2/com/fasterxml/jackson/jackson-parent/2.19.2/jackson-parent-2.19.2.pom file and found 0 packages
Scanned /home/kavya_parivarababu/oss-remediation-adk/autonomous-oss-remediation-workspaces/run-20260925T170726Z-89880aad/temp/autonomous-osv-kkdq5xds/repository/.m2/com/fasterxml/jackson/jackson-parent/2.21/jackson-parent-2.21.pom file and found 0 packages
Scanned /home/kavya_parivarababu/oss-remediation-adk/autonomous-oss-remediation-workspaces/run-20260925T170726Z-89880aad/temp/autonomous-osv-kkdq5xds/repository/.m2/com/fasterxml/oss-parent/68/oss-parent-68.pom file and found 0 packages
Scanned /home/kavya_parivarababu/oss-remediation-adk/autonomous-oss-remediation-workspaces/run-20260925T170726Z-89880aad/temp/autonomous-osv-kkdq5xds/repository/.m2/com/fasterxml/oss-parent/74/oss-parent-74.pom file and found 0 packages
Scanned /home/kavya_parivarababu/oss-remediation-adk/autonomous-oss-remediation-workspaces/run-20260925T170726Z-89880aad/temp/autonomous-osv-kkdq5xds/repository/.m2/com/fasterxml/oss-parent/79/oss-parent-79.pom file and found 0 packages
Scanned /home/kavya_parivarababu/oss-remediation-adk/autonomous-oss-remediation-workspaces/run-20260925T170726Z-89880aad/temp/autonomous-osv-kkdq5xds/repository/.m2/com/fasterxml/oss-parent/75/oss-parent-75.pom file and found 0 packages
Scanned /home/kavya_parivarababu/oss-remediation-adk/autonomous-oss-remediation-workspaces/run-20260925T170726Z-89880aad/temp/autonomous-osv-kkdq5xds/repository/.m2/com/fasterxml/classmate/1.7.3/classmate-1.7.3.pom file and found 0 packages
Scanned /home/kavya_parivarababu/oss-remediation-adk/autonomous-oss-remediation-workspaces/run-20260925T170726Z-89880aad/temp/autonomous-osv-kkdq5xds/repository/.m2/com/querydsl/querydsl-bom/5.1.0/querydsl-bom-5.1.0.pom file and found 0 packages
Scanned /home/kavya_parivarababu/oss-remediation-adk/autonomous-oss-remediation-workspaces/run-20260925T170726Z-89880aad/temp/autonomous-osv-kkdq5xds/repository/.m2/com/thoughtworks/qdox/qdox/2.2.0/qdox-2.2.0.pom file and found 3 packages
Scanned /home/kavya_parivarababu/oss-remediation-adk/autonomous-oss-remediation-workspaces/run-20260925T170726Z-89880aad/temp/autonomous-osv-kkdq5xds/repository/.m2/ch/qos/logback/logback-parent/1.5.32/logback-parent-1.5.32.pom file and found 5 packages
Scanned /home/kavya_parivarababu/oss-remediation-adk/autonomous-oss-remediation-workspaces/run-20260925T170726Z-89880aad/temp/autonomous-osv-kkdq5xds/repository/.m2/ch/qos/logback/logback-classic/1.5.32/logback-classic-1.5.32.pom file and found 11 packages
Scanned /home/kavya_parivarababu/oss-remediation-adk/autonomous-oss-remediation-workspaces/run-20260925T170726Z-89880aad/temp/autonomous-osv-kkdq5xds/repository/.m2/ch/qos/logback/logback-core/1.5.32/logback-core-1.5.32.pom file and found 8 packages
Scanned /home/kavya_parivarababu/oss-remediation-adk/autonomous-oss-remediation-workspaces/run-20260925T170726Z-89880aad/temp/autonomous-osv-kkdq5xds/repository/task-web/pom.xml file and found 6 packages
Scanned /home/kavya_parivarababu/oss-remediation-adk/autonomous-oss-remediation-workspaces/run-20260925T170726Z-89880aad/temp/autonomous-osv-kkdq5xds/repository/pom.xml file and found 2 packages
Scanned /home/kavya_parivarababu/oss-remediation-adk/autonomous-oss-remediation-workspaces/run-20260925T170726Z-89880aad/temp/autonomous-osv-kkdq5xds/repository/task-domain/pom.xml file and found 2 packages
End status: 764 dirs visited, 2138 inodes visited, 340 Extract calls, 860.142796ms elapsed, 860.142968ms wall time
Filtered 271 local/unscannable package/s from the scan.
Failed to open pom.xml at home/kavya_parivarababu/oss-remediation-adk/autonomous-oss-remediation-workspaces/run-20260925T170726Z-89880aad/temp/autonomous-osv-kkdq5xds/repository/.m2/ch/qos/logback/logback-parent/1.5.32/logback-core/pom.xml: open home/kavya_parivarababu/oss-remediation-adk/autonomous-oss-remediation-workspaces/run-20260925T170726Z-89880aad/temp/autonomous-osv-kkdq5xds/repository/.m2/ch/qos/logback/logback-parent/1.5.32/logback-core/pom.xml: no such file or directory
Failed to open pom.xml at home/kavya_parivarababu/oss-remediation-adk/autonomous-oss-remediation-workspaces/run-20260925T170726Z-89880aad/temp/autonomous-osv-kkdq5xds/repository/.m2/ch/qos/logback/logback-parent/1.5.32/logback-core-blackbox/pom.xml: open home/kavya_parivarababu/oss-remediation-adk/autonomous-oss-remediation-workspaces/run-20260925T170726Z-89880aad/temp/autonomous-osv-kkdq5xds/repository/.m2/ch/qos/logback/logback-parent/1.5.32/logback-core-blackbox/pom.xml: no such file or directory
Failed to open pom.xml at home/kavya_parivarababu/oss-remediation-adk/autonomous-oss-remediation-workspaces/run-20260925T170726Z-89880aad/temp/autonomous-osv-kkdq5xds/repository/.m2/ch/qos/logback/logback-parent/1.5.32/logback-classic/pom.xml: open home/kavya_parivarababu/oss-remediation-adk/autonomous-oss-remediation-workspaces/run-20260925T170726Z-89880aad/temp/autonomous-osv-kkdq5xds/repository/.m2/ch/qos/logback/logback-parent/1.5.32/logback-classic/pom.xml: no such file or directory
Failed to open pom.xml at home/kavya_parivarababu/oss-remediation-adk/autonomous-oss-remediation-workspaces/run-20260925T170726Z-89880aad/temp/autonomous-osv-kkdq5xds/repository/.m2/ch/qos/logback/logback-parent/1.5.32/logback-classic-misc/pom.xml: open home/kavya_parivarababu/oss-remediation-adk/autonomous-oss-remediation-workspaces/run-20260925T170726Z-89880aad/temp/autonomous-osv-kkdq5xds/repository/.m2/ch/qos/logback/logback-parent/1.5.32/logback-classic-misc/pom.xml: no such file or directory
Failed to open pom.xml at home/kavya_parivarababu/oss-remediation-adk/autonomous-oss-remediation-workspaces/run-20260925T170726Z-89880aad/temp/autonomous-osv-kkdq5xds/repository/.m2/ch/qos/logback/logback-parent/1.5.32/logback-classic-blackbox/pom.xml: open home/kavya_parivarababu/oss-remediation-adk/autonomous-oss-remediation-workspaces/run-20260925T170726Z-89880aad/temp/autonomous-osv-kkdq5xds/repository/.m2/ch/qos/logback/logback-parent/1.5.32/logback-classic-blackbox/pom.xml: no such file or directory
Failed to open pom.xml at home/kavya_parivarababu/oss-remediation-adk/autonomous-oss-remediation-workspaces/run-20260925T170726Z-89880aad/temp/autonomous-osv-kkdq5xds/repository/.m2/ch/qos/logback/logback-parent/1.5.32/logback-access/pom.xml: open home/kavya_parivarababu/oss-remediation-adk/autonomous-oss-remediation-workspaces/run-20260925T170726Z-89880aad/temp/autonomous-osv-kkdq5xds/repository/.m2/ch/qos/logback/logback-parent/1.5.32/logback-access/pom.xml: no such file or directory
Failed to open pom.xml at home/kavya_parivarababu/oss-remediation-adk/autonomous-oss-remediation-workspaces/run-20260925T170726Z-89880aad/temp/autonomous-osv-kkdq5xds/repository/.m2/ch/qos/logback/logback-parent/1.5.32/logback-examples/pom.xml: open home/kavya_parivarababu/oss-remediation-adk/autonomous-oss-remediation-workspaces/run-20260925T170726Z-89880aad/temp/autonomous-osv-kkdq5xds/repository/.m2/ch/qos/logback/logback-parent/1.5.32/logback-examples/pom.xml: no such file or directory
Failed to open pom.xml at home/kavya_parivarababu/oss-remediation-adk/autonomous-oss-remediation-workspaces/run-20260925T170726Z-89880aad/temp/autonomous-osv-kkdq5xds/repository/.m2/net/bytebuddy/byte-buddy-parent/1.17.8/byte-buddy/pom.xml: open home/kavya_parivarababu/oss-remediation-adk/autonomous-oss-remediation-workspaces/run-20260925T170726Z-89880aad/temp/autonomous-osv-kkdq5xds/repository/.m2/net/bytebuddy/byte-buddy-parent/1.17.8/byte-buddy/pom.xml: no such file or directory
Failed to open pom.xml at home/kavya_parivarababu/oss-remediation-adk/autonomous-oss-remediation-workspaces/run-20260925T170726Z-89880aad/temp/autonomous-osv-kkdq5xds/repository/.m2/net/bytebuddy/byte-buddy-parent/1.17.8/byte-buddy-dep/pom.xml: open home/kavya_parivarababu/oss-remediation-adk/autonomous-oss-remediation-workspaces/run-20260925T170726Z-89880aad/temp/autonomous-osv-kkdq5xds/repository/.m2/net/bytebuddy/byte-buddy-parent/1.17.8/byte-buddy-dep/pom.xml: no such file or directory
Failed to open pom.xml at home/kavya_parivarababu/oss-remediation-adk/autonomous-oss-remediation-workspaces/run-20260925T170726Z-89880aad/temp/autonomous-osv-kkdq5xds/repository/.m2/net/bytebuddy/byte-buddy-parent/1.17.8/byte-buddy-benchmark/pom.xml: open home/kavya_parivarababu/oss-remediation-adk/autonomous-oss-remediation-workspaces/run-20260925T170726Z-89880aad/temp/autonomous-osv-kkdq5xds/repository/.m2/net/bytebuddy/byte-buddy-parent/1.17.8/byte-buddy-benchmark/pom.xml: no such file or directory
Failed to open pom.xml at home/kavya_parivarababu/oss-remediation-adk/autonomous-oss-remediation-workspaces/run-20260925T170726Z-89880aad/temp/autonomous-osv-kkdq5xds/repository/.m2/net/bytebuddy/byte-buddy-parent/1.17.8/byte-buddy-agent/pom.xml: open home/kavya_parivarababu/oss-remediation-adk/autonomous-oss-remediation-workspaces/run-20260925T170726Z-89880aad/temp/autonomous-osv-kkdq5xds/repository/.m2/net/bytebuddy/byte-buddy-parent/1.17.8/byte-buddy-agent/pom.xml: no such file or directory
Failed to open pom.xml at home/kavya_parivarababu/oss-remediation-adk/autonomous-oss-remediation-workspaces/run-20260925T170726Z-89880aad/temp/autonomous-osv-kkdq5xds/repository/.m2/net/bytebuddy/byte-buddy-parent/1.17.8/byte-buddy-android/pom.xml: open home/kavya_parivarababu/oss-remediation-adk/autonomous-oss-remediation-workspaces/run-20260925T170726Z-89880aad/temp/autonomous-osv-kkdq5xds/repository/.m2/net/bytebuddy/byte-buddy-parent/1.17.8/byte-buddy-android/pom.xml: no such file or directory
Failed to open pom.xml at home/kavya_parivarababu/oss-remediation-adk/autonomous-oss-remediation-workspaces/run-20260925T170726Z-89880aad/temp/autonomous-osv-kkdq5xds/repository/.m2/net/bytebuddy/byte-buddy-parent/1.17.8/byte-buddy-android-test/pom.xml: open home/kavya_parivarababu/oss-remediation-adk/autonomous-oss-remediation-workspaces/run-20260925T170726Z-89880aad/temp/autonomous-osv-kkdq5xds/repository/.m2/net/bytebuddy/byte-buddy-parent/1.17.8/byte-buddy-android-test/pom.xml: no such file or directory
Failed to open pom.xml at home/kavya_parivarababu/oss-remediation-adk/autonomous-oss-remediation-workspaces/run-20260925T170726Z-89880aad/temp/autonomous-osv-kkdq5xds/repository/.m2/net/bytebuddy/byte-buddy-parent/1.17.8/byte-buddy-maven-plugin/pom.xml: open home/kavya_parivarababu/oss-remediation-adk/autonomous-oss-remediation-workspaces/run-20260925T170726Z-89880aad/temp/autonomous-osv-kkdq5xds/repository/.m2/net/bytebuddy/byte-buddy-parent/1.17.8/byte-buddy-maven-plugin/pom.xml: no such file or directory
Failed to open pom.xml at home/kavya_parivarababu/oss-remediation-adk/autonomous-oss-remediation-workspaces/run-20260925T170726Z-89880aad/temp/autonomous-osv-kkdq5xds/repository/.m2/net/bytebuddy/byte-buddy-parent/1.17.8/byte-buddy-gradle-plugin/pom.xml: open home/kavya_parivarababu/oss-remediation-adk/autonomous-oss-remediation-workspaces/run-20260925T170726Z-89880aad/temp/autonomous-osv-kkdq5xds/repository/.m2/net/bytebuddy/byte-buddy-parent/1.17.8/byte-buddy-gradle-plugin/pom.xml: no such file or directory
Failed to open pom.xml at home/kavya_parivarababu/oss-remediation-adk/autonomous-oss-remediation-workspaces/run-20260925T170726Z-89880aad/temp/autonomous-osv-kkdq5xds/repository/.m2/org/codehaus/plexus/plexus-compilers/2.15.0/plexus-compiler-aspectj/pom.xml: open home/kavya_parivarababu/oss-remediation-adk/autonomous-oss-remediation-workspaces/run-20260925T170726Z-89880aad/temp/autonomous-osv-kkdq5xds/repository/.m2/org/codehaus/plexus/plexus-compilers/2.15.0/plexus-compiler-aspectj/pom.xml: no such file or directory
Failed to open pom.xml at home/kavya_parivarababu/oss-remediation-adk/autonomous-oss-remediation-workspaces/run-20260925T170726Z-89880aad/temp/autonomous-osv-kkdq5xds/repository/.m2/org/codehaus/plexus/plexus-compilers/2.15.0/plexus-compiler-csharp/pom.xml: open home/kavya_parivarababu/oss-remediation-adk/autonomous-oss-remediation-workspaces/run-20260925T170726Z-89880aad/temp/autonomous-osv-kkdq5xds/repository/.m2/org/codehaus/plexus/plexus-compilers/2.15.0/plexus-compiler-csharp/pom.xml: no such file or directory
Failed to open pom.xml at home/kavya_parivarababu/oss-remediation-adk/autonomous-oss-remediation-workspaces/run-20260925T170726Z-89880aad/temp/autonomous-osv-kkdq5xds/repository/.m2/org/codehaus/plexus/plexus-compilers/2.15.0/plexus-compiler-eclipse/pom.xml: open home/kavya_parivarababu/oss-remediation-adk/autonomous-oss-remediation-workspaces/run-20260925T170726Z-89880aad/temp/autonomous-osv-kkdq5xds/repository/.m2/org/codehaus/plexus/plexus-compilers/2.15.0/plexus-compiler-eclipse/pom.xml: no such file or directory
Failed to open pom.xml at home/kavya_parivarababu/oss-remediation-adk/autonomous-oss-remediation-workspaces/run-20260925T170726Z-89880aad/temp/autonomous-osv-kkdq5xds/repository/.m2/org/codehaus/plexus/plexus-compilers/2.15.0/plexus-compiler-javac/pom.xml: open home/kavya_parivarababu/oss-remediation-adk/autonomous-oss-remediation-workspaces/run-20260925T170726Z-89880aad/temp/autonomous-osv-kkdq5xds/repository/.m2/org/codehaus/plexus/plexus-compilers/2.15.0/plexus-compiler-javac/pom.xml: no such file or directory
Failed to open pom.xml at home/kavya_parivarababu/oss-remediation-adk/autonomous-oss-remediation-workspaces/run-20260925T170726Z-89880aad/temp/autonomous-osv-kkdq5xds/repository/.m2/org/codehaus/plexus/plexus-compilers/2.15.0/plexus-compiler-javac-errorprone/pom.xml: open home/kavya_parivarababu/oss-remediation-adk/autonomous-oss-remediation-workspaces/run-20260925T170726Z-89880aad/temp/autonomous-osv-kkdq5xds/repository/.m2/org/codehaus/plexus/plexus-compilers/2.15.0/plexus-compiler-javac-errorprone/pom.xml: no such file or directory
Failed to open pom.xml at home/kavya_parivarababu/oss-remediation-adk/autonomous-oss-remediation-workspaces/run-20260925T170726Z-89880aad/temp/autonomous-osv-kkdq5xds/repository/.m2/org/objenesis/objenesis-parent/3.3/test/pom.xml: open home/kavya_parivarababu/oss-remediation-adk/autonomous-oss-remediation-workspaces/run-20260925T170726Z-89880aad/temp/autonomous-osv-kkdq5xds/repository/.m2/org/objenesis/objenesis-parent/3.3/test/pom.xml: no such file or directory
Failed to open pom.xml at home/kavya_parivarababu/oss-remediation-adk/autonomous-oss-remediation-workspaces/run-20260925T170726Z-89880aad/temp/autonomous-osv-kkdq5xds/repository/.m2/org/objenesis/objenesis-parent/3.3/main/pom.xml: open home/kavya_parivarababu/oss-remediation-adk/autonomous-oss-remediation-workspaces/run-20260925T170726Z-89880aad/temp/autonomous-osv-kkdq5xds/repository/.m2/org/objenesis/objenesis-parent/3.3/main/pom.xml: no such file or directory
Failed to open pom.xml at home/kavya_parivarababu/oss-remediation-adk/autonomous-oss-remediation-workspaces/run-20260925T170726Z-89880aad/temp/autonomous-osv-kkdq5xds/repository/.m2/org/objenesis/objenesis-parent/3.3/exotic/pom.xml: open home/kavya_parivarababu/oss-remediation-adk/autonomous-oss-remediation-workspaces/run-20260925T170726Z-89880aad/temp/autonomous-osv-kkdq5xds/repository/.m2/org/objenesis/objenesis-parent/3.3/exotic/pom.xml: no such file or directory
Failed to open pom.xml at home/kavya_parivarababu/oss-remediation-adk/autonomous-oss-remediation-workspaces/run-20260925T170726Z-89880aad/temp/autonomous-osv-kkdq5xds/repository/.m2/org/objenesis/objenesis-parent/3.3/tck/pom.xml: open home/kavya_parivarababu/oss-remediation-adk/autonomous-oss-remediation-workspaces/run-20260925T170726Z-89880aad/temp/autonomous-osv-kkdq5xds/repository/.m2/org/objenesis/objenesis-parent/3.3/tck/pom.xml: no such file or directory
Failed to open pom.xml at home/kavya_parivarababu/oss-remediation-adk/autonomous-oss-remediation-workspaces/run-20260925T170726Z-89880aad/temp/autonomous-osv-kkdq5xds/repository/.m2/org/slf4j/slf4j-parent/1.7.36/slf4j-api/pom.xml: open home/kavya_parivarababu/oss-remediation-adk/autonomous-oss-remediation-workspaces/run-20260925T170726Z-89880aad/temp/autonomous-osv-kkdq5xds/repository/.m2/org/slf4j/slf4j-parent/1.7.36/slf4j-api/pom.xml: no such file or directory
Failed to open pom.xml at home/kavya_parivarababu/oss-remediation-adk/autonomous-oss-remediation-workspaces/run-20260925T170726Z-89880aad/temp/autonomous-osv-kkdq5xds/repository/.m2/org/slf4j/slf4j-parent/1.7.36/slf4j-simple/pom.xml: open home/kavya_parivarababu/oss-remediation-adk/autonomous-oss-remediation-workspaces/run-20260925T170726Z-89880aad/temp/autonomous-osv-kkdq5xds/repository/.m2/org/slf4j/slf4j-parent/1.7.36/slf4j-simple/pom.xml: no such file or directory
Failed to open pom.xml at home/kavya_parivarababu/oss-remediation-adk/autonomous-oss-remediation-workspaces/run-20260925T170726Z-89880aad/temp/autonomous-osv-kkdq5xds/repository/.m2/org/slf4j/slf4j-parent/1.7.36/slf4j-nop/pom.xml: open home/kavya_parivarababu/oss-remediation-adk/autonomous-oss-remediation-workspaces/run-20260925T170726Z-89880aad/temp/autonomous-osv-kkdq5xds/repository/.m2/org/slf4j/slf4j-parent/1.7.36/slf4j-nop/pom.xml: no such file or directory
Failed to open pom.xml at home/kavya_parivarababu/oss-remediation-adk/autonomous-oss-remediation-workspaces/run-20260925T170726Z-89880aad/temp/autonomous-osv-kkdq5xds/repository/.m2/org/slf4j/slf4j-parent/1.7.36/slf4j-jdk14/pom.xml: open home/kavya_parivarababu/oss-remediation-adk/autonomous-oss-remediation-workspaces/run-20260925T170726Z-89880aad/temp/autonomous-osv-kkdq5xds/repository/.m2/org/slf4j/slf4j-parent/1.7.36/slf4j-jdk14/pom.xml: no such file or directory
Failed to open pom.xml at home/kavya_parivarababu/oss-remediation-adk/autonomous-oss-remediation-workspaces/run-20260925T170726Z-89880aad/temp/autonomous-osv-kkdq5xds/repository/.m2/org/slf4j/slf4j-parent/1.7.36/slf4j-log4j12/pom.xml: open home/kavya_parivarababu/oss-remediation-adk/autonomous-oss-remediation-workspaces/run-20260925T170726Z-89880aad/temp/autonomous-osv-kkdq5xds/repository/.m2/org/slf4j/slf4j-parent/1.7.36/slf4j-log4j12/pom.xml: no such file or directory
Failed to open pom.xml at home/kavya_parivarababu/oss-remediation-adk/autonomous-oss-remediation-workspaces/run-20260925T170726Z-89880aad/temp/autonomous-osv-kkdq5xds/repository/.m2/org/slf4j/slf4j-parent/1.7.36/slf4j-reload4j/pom.xml: open home/kavya_parivarababu/oss-remediation-adk/autonomous-oss-remediation-workspaces/run-20260925T170726Z-89880aad/temp/autonomous-osv-kkdq5xds/repository/.m2/org/slf4j/slf4j-parent/1.7.36/slf4j-reload4j/pom.xml: no such file or directory
Failed to open pom.xml at home/kavya_parivarababu/oss-remediation-adk/autonomous-oss-remediation-workspaces/run-20260925T170726Z-89880aad/temp/autonomous-osv-kkdq5xds/repository/.m2/org/slf4j/slf4j-parent/1.7.36/slf4j-jcl/pom.xml: open home/kavya_parivarababu/oss-remediation-adk/autonomous-oss-remediation-workspaces/run-20260925T170726Z-89880aad/temp/autonomous-osv-kkdq5xds/repository/.m2/org/slf4j/slf4j-parent/1.7.36/slf4j-jcl/pom.xml: no such file or directory
Failed to open pom.xml at home/kavya_parivarababu/oss-remediation-adk/autonomous-oss-remediation-workspaces/run-20260925T170726Z-89880aad/temp/autonomous-osv-kkdq5xds/repository/.m2/org/slf4j/slf4j-parent/1.7.36/slf4j-android/pom.xml: open home/kavya_parivarababu/oss-remediation-adk/autonomous-oss-remediation-workspaces/run-20260925T170726Z-89880aad/temp/autonomous-osv-kkdq5xds/repository/.m2/org/slf4j/slf4j-parent/1.7.36/slf4j-android/pom.xml: no such file or directory
Failed to open pom.xml at home/kavya_parivarababu/oss-remediation-adk/autonomous-oss-remediation-workspaces/run-20260925T170726Z-89880aad/temp/autonomous-osv-kkdq5xds/repository/.m2/org/slf4j/slf4j-parent/1.7.36/slf4j-ext/pom.xml: open home/kavya_parivarababu/oss-remediation-adk/autonomous-oss-remediation-workspaces/run-20260925T170726Z-89880aad/temp/autonomous-osv-kkdq5xds/repository/.m2/org/slf4j/slf4j-parent/1.7.36/slf4j-ext/pom.xml: no such file or directory
Failed to open pom.xml at home/kavya_parivarababu/oss-remediation-adk/autonomous-oss-remediation-workspaces/run-20260925T170726Z-89880aad/temp/autonomous-osv-kkdq5xds/repository/.m2/org/slf4j/slf4j-parent/1.7.36/jcl-over-slf4j/pom.xml: open home/kavya_parivarababu/oss-remediation-adk/autonomous-oss-remediation-workspaces/run-20260925T170726Z-89880aad/temp/autonomous-osv-kkdq5xds/repository/.m2/org/slf4j/slf4j-parent/1.7.36/jcl-over-slf4j/pom.xml: no such file or directory
Failed to open pom.xml at home/kavya_parivarababu/oss-remediation-adk/autonomous-oss-remediation-workspaces/run-20260925T170726Z-89880aad/temp/autonomous-osv-kkdq5xds/repository/.m2/org/slf4j/slf4j-parent/1.7.36/log4j-over-slf4j/pom.xml: open home/kavya_parivarababu/oss-remediation-adk/autonomous-oss-remediation-workspaces/run-20260925T170726Z-89880aad/temp/autonomous-osv-kkdq5xds/repository/.m2/org/slf4j/slf4j-parent/1.7.36/log4j-over-slf4j/pom.xml: no such file or directory
Failed to open pom.xml at home/kavya_parivarababu/oss-remediation-adk/autonomous-oss-remediation-workspaces/run-20260925T170726Z-89880aad/temp/autonomous-osv-kkdq5xds/repository/.m2/org/slf4j/slf4j-parent/1.7.36/jul-to-slf4j/pom.xml: open home/kavya_parivarababu/oss-remediation-adk/autonomous-oss-remediation-workspaces/run-20260925T170726Z-89880aad/temp/autonomous-osv-kkdq5xds/repository/.m2/org/slf4j/slf4j-parent/1.7.36/jul-to-slf4j/pom.xml: no such file or directory
Failed to open pom.xml at home/kavya_parivarababu/oss-remediation-adk/autonomous-oss-remediation-workspaces/run-20260925T170726Z-89880aad/temp/autonomous-osv-kkdq5xds/repository/.m2/org/slf4j/slf4j-parent/1.7.36/osgi-over-slf4j/pom.xml: open home/kavya_parivarababu/oss-remediation-adk/autonomous-oss-remediation-workspaces/run-20260925T170726Z-89880aad/temp/autonomous-osv-kkdq5xds/repository/.m2/org/slf4j/slf4j-parent/1.7.36/osgi-over-slf4j/pom.xml: no such file or directory
Failed to open pom.xml at home/kavya_parivarababu/oss-remediation-adk/autonomous-oss-remediation-workspaces/run-20260925T170726Z-89880aad/temp/autonomous-osv-kkdq5xds/repository/.m2/org/slf4j/slf4j-parent/1.7.36/integration/pom.xml: open home/kavya_parivarababu/oss-remediation-adk/autonomous-oss-remediation-workspaces/run-20260925T170726Z-89880aad/temp/autonomous-osv-kkdq5xds/repository/.m2/org/slf4j/slf4j-parent/1.7.36/integration/pom.xml: no such file or directory
Failed to open pom.xml at home/kavya_parivarababu/oss-remediation-adk/autonomous-oss-remediation-workspaces/run-20260925T170726Z-89880aad/temp/autonomous-osv-kkdq5xds/repository/.m2/org/slf4j/slf4j-parent/1.7.36/slf4j-site/pom.xml: open home/kavya_parivarababu/oss-remediation-adk/autonomous-oss-remediation-workspaces/run-20260925T170726Z-89880aad/temp/autonomous-osv-kkdq5xds/repository/.m2/org/slf4j/slf4j-parent/1.7.36/slf4j-site/pom.xml: no such file or directory
Failed to open pom.xml at home/kavya_parivarababu/oss-remediation-adk/autonomous-oss-remediation-workspaces/run-20260925T170726Z-89880aad/temp/autonomous-osv-kkdq5xds/repository/.m2/org/slf4j/slf4j-parent/1.7.36/slf4j-migrator/pom.xml: open home/kavya_parivarababu/oss-remediation-adk/autonomous-oss-remediation-workspaces/run-20260925T170726Z-89880aad/temp/autonomous-osv-kkdq5xds/repository/.m2/org/slf4j/slf4j-parent/1.7.36/slf4j-migrator/pom.xml: no such file or directory
Warning: enricher transitivedependency/pomxml may be risky when run on untrusted artifacts. Please ensure you trust the source code and artifacts.
failed resolution for home/kavya_parivarababu/oss-remediation-adk/autonomous-oss-remediation-workspaces/run-20260925T170726Z-89880aad/temp/autonomous-osv-kkdq5xds/repository/.m2/ch/qos/logback/logback-classic/1.5.32/logback-classic-1.5.32.pom: failed resolving {Maven:ch.qos.logback:logback-classic[Concrete:1.5.32] {}}: failed to fetch Maven project org.slf4j:log4j-over-slf4j@2.0.17:
API query failed: Maven registry http://127.0.0.1:32815/org/slf4j/log4j-over-slf4j/2.0.17/log4j-over-slf4j-2.0.17.pom query status: 404
failed resolution for home/kavya_parivarababu/oss-remediation-adk/autonomous-oss-remediation-workspaces/run-20260925T170726Z-89880aad/temp/autonomous-osv-kkdq5xds/repository/.m2/ch/qos/logback/logback-parent/1.5.32/logback-parent-1.5.32.pom: failed resolving {Maven:ch.qos.logback:logback-parent[Concrete:1.5.32] {}}: failed to fetch Maven project org.junit.jupiter:junit-jupiter-api@5.9.1:
API query failed: Maven registry http://127.0.0.1:32815/org/junit/jupiter/junit-jupiter-api/5.9.1/junit-jupiter-api-5.9.1.pom query status: 404
failed resolution for home/kavya_parivarababu/oss-remediation-adk/autonomous-oss-remediation-workspaces/run-20260925T170726Z-89880aad/temp/autonomous-osv-kkdq5xds/repository/.m2/com/github/luben/zstd-jni/1.5.5-11/zstd-jni-1.5.5-11.pom: failed resolving {Maven:com.github.luben:zstd-jni[Concrete:1.5.5-11] {}}: failed to fetch Maven project org.scalatest:scalatest_2.13@3.2.17:
API query failed: Maven registry http://127.0.0.1:32815/org/scalatest/scalatest_2.13/3.2.17/scalatest_2.13-3.2.17.pom query status: 404
failed resolution for home/kavya_parivarababu/oss-remediation-adk/autonomous-oss-remediation-workspaces/run-20260925T170726Z-89880aad/temp/autonomous-osv-kkdq5xds/repository/.m2/com/thoughtworks/qdox/qdox/2.2.0/qdox-2.2.0.pom: failed resolving {Maven:com.thoughtworks.qdox:qdox[Concrete:2.2.0] {}}: failed to fetch Maven project org.junit.jupiter:junit-jupiter@5.11.3:
API query failed: Maven registry http://127.0.0.1:32815/org/junit/jupiter/junit-jupiter/5.11.3/junit-jupiter-5.11.3.pom query status: 404
failed resolution for home/kavya_parivarababu/oss-remediation-adk/autonomous-oss-remediation-workspaces/run-20260925T170726Z-89880aad/temp/autonomous-osv-kkdq5xds/repository/.m2/commons-codec/commons-codec/1.17.1/commons-codec-1.17.1.pom: failed resolving {Maven:commons-codec:commons-codec[Concrete:1.17.1] {}}: failed to fetch Maven project org.junit.jupiter:junit-jupiter-engine@5.11.0-M2:
API query failed: Maven registry http://127.0.0.1:32815/org/junit/jupiter/junit-jupiter-engine/5.11.0-M2/junit-jupiter-engine-5.11.0-M2.pom query status: 404
failed resolution for home/kavya_parivarababu/oss-remediation-adk/autonomous-oss-remediation-workspaces/run-20260925T170726Z-89880aad/temp/autonomous-osv-kkdq5xds/repository/.m2/commons-codec/commons-codec/1.19.0/commons-codec-1.19.0.pom: failed resolving {Maven:commons-codec:commons-codec[Concrete:1.19.0] {}}: failed to fetch Maven project org.junit.jupiter:junit-jupiter-engine@5.13.1:
API query failed: Maven registry http://127.0.0.1:32815/org/junit/jupiter/junit-jupiter-engine/5.13.1/junit-jupiter-engine-5.13.1.pom query status: 404
failed resolution for home/kavya_parivarababu/oss-remediation-adk/autonomous-oss-remediation-workspaces/run-20260925T170726Z-89880aad/temp/autonomous-osv-kkdq5xds/repository/.m2/commons-io/commons-io/2.11.0/commons-io-2.11.0.pom: failed resolving {Maven:commons-io:commons-io[Concrete:2.11.0] {}}: failed to fetch Maven project org.junit.jupiter:junit-jupiter@5.7.2:
API query failed: Maven registry http://127.0.0.1:32815/org/junit/jupiter/junit-jupiter/5.7.2/junit-jupiter-5.7.2.pom query status: 404
failed resolution for home/kavya_parivarababu/oss-remediation-adk/autonomous-oss-remediation-workspaces/run-20260925T170726Z-89880aad/temp/autonomous-osv-kkdq5xds/repository/.m2/commons-io/commons-io/2.16.1/commons-io-2.16.1.pom: failed resolving {Maven:commons-io:commons-io[Concrete:2.16.1] {}}: failed to fetch Maven project org.junit-pioneer:junit-pioneer@1.9.1:
API query failed: Maven registry http://127.0.0.1:32815/org/junit-pioneer/junit-pioneer/1.9.1/junit-pioneer-1.9.1.pom query status: 404
failed resolution for home/kavya_parivarababu/oss-remediation-adk/autonomous-oss-remediation-workspaces/run-20260925T170726Z-89880aad/temp/autonomous-osv-kkdq5xds/repository/.m2/commons-io/commons-io/2.20.0/commons-io-2.20.0.pom: failed resolving {Maven:commons-io:commons-io[Concrete:2.20.0] {}}: failed to fetch Maven project org.junit.jupiter:junit-jupiter@5.13.1:
API query failed: Maven registry http://127.0.0.1:32815/org/junit/jupiter/junit-jupiter/5.13.1/junit-jupiter-5.13.1.pom query status: 404
failed resolution for home/kavya_parivarababu/oss-remediation-adk/autonomous-oss-remediation-workspaces/run-20260925T170726Z-89880aad/temp/autonomous-osv-kkdq5xds/repository/.m2/commons-logging/commons-logging/1.3.5/commons-logging-1.3.5.pom: failed resolving {Maven:commons-logging:commons-logging[Concrete:1.3.5] {}}: failed to fetch Maven project org.junit.vintage:junit-vintage-engine@5.11.4:
API query failed: Maven registry http://127.0.0.1:32815/org/junit/vintage/junit-vintage-engine/5.11.4/junit-vintage-engine-5.11.4.pom query status: 404
failed resolution for home/kavya_parivarababu/oss-remediation-adk/autonomous-oss-remediation-workspaces/run-20260925T170726Z-89880aad/temp/autonomous-osv-kkdq5xds/repository/.m2/commons-logging/commons-logging/1.3.6/commons-logging-1.3.6.pom: failed resolving {Maven:commons-logging:commons-logging[Concrete:1.3.6] {}}: failed to fetch Maven project org.junit.vintage:junit-vintage-engine@5.14.2:
API query failed: Maven registry http://127.0.0.1:32815/org/junit/vintage/junit-vintage-engine/5.14.2/junit-vintage-engine-5.14.2.pom query status: 404
failed resolution for home/kavya_parivarababu/oss-remediation-adk/autonomous-oss-remediation-workspaces/run-20260925T170726Z-89880aad/temp/autonomous-osv-kkdq5xds/repository/.m2/io/micrometer/micrometer-commons/1.16.5/micrometer-commons-1.16.5.pom: failed resolving {Maven:io.micrometer:micrometer-commons[Concrete:1.16.5] {}}: failed to fetch Maven project ch.qos.logback:logback-classic@1.2.13:
API query failed: Maven registry http://127.0.0.1:32815/ch/qos/logback/logback-classic/1.2.13/logback-classic-1.2.13.pom query status: 404
failed resolution for home/kavya_parivarababu/oss-remediation-adk/autonomous-oss-remediation-workspaces/run-20260925T170726Z-89880aad/temp/autonomous-osv-kkdq5xds/repository/.m2/io/micrometer/micrometer-core/1.16.6/micrometer-core-1.16.6.pom: failed resolving {Maven:io.micrometer:micrometer-core[Concrete:1.16.6] {}}: failed to fetch Maven project org.aspectj:aspectjrt@1.9.24:
API query failed: Maven registry http://127.0.0.1:32815/org/aspectj/aspectjrt/1.9.24/aspectjrt-1.9.24.pom query status: 404
failed resolution for home/kavya_parivarababu/oss-remediation-adk/autonomous-oss-remediation-workspaces/run-20260925T170726Z-89880aad/temp/autonomous-osv-kkdq5xds/repository/.m2/io/micrometer/micrometer-jakarta9/1.16.5/micrometer-jakarta9-1.16.5.pom: failed resolving {Maven:io.micrometer:micrometer-jakarta9[Concrete:1.16.5] {}}: failed to fetch Maven project jakarta.jms:jakarta.jms-api@3.0.0:
API query failed: Maven registry http://127.0.0.1:32815/jakarta/jms/jakarta.jms-api/3.0.0/jakarta.jms-api-3.0.0.pom query status: 404
failed resolution for home/kavya_parivarababu/oss-remediation-adk/autonomous-oss-remediation-workspaces/run-20260925T170726Z-89880aad/temp/autonomous-osv-kkdq5xds/repository/.m2/io/micrometer/micrometer-observation/1.16.5/micrometer-observation-1.16.5.pom: failed resolving {Maven:io.micrometer:micrometer-observation[Concrete:1.16.5] {}}: failed to fetch Maven project io.micrometer:context-propagation@1.2.1:
API query failed: Maven registry http://127.0.0.1:32815/io/micrometer/context-propagation/1.2.1/context-propagation-1.2.1.pom query status: 404
failed resolution for home/kavya_parivarababu/oss-remediation-adk/autonomous-oss-remediation-workspaces/run-20260925T170726Z-89880aad/temp/autonomous-osv-kkdq5xds/repository/.m2/jakarta/validation/jakarta.validation-api/3.1.1/jakarta.validation-api-3.1.1.pom: failed resolving {Maven:jakarta.validation:jakarta.validation-api[Concrete:3.1.1] {}}: failed to fetch Maven project org.testng:testng@7.9.0:
API query failed: Maven registry http://127.0.0.1:32815/org/testng/testng/7.9.0/testng-7.9.0.pom query status: 404
failed resolution for home/kavya_parivarababu/oss-remediation-adk/autonomous-oss-remediation-workspaces/run-20260925T170726Z-89880aad/temp/autonomous-osv-kkdq5xds/repository/.m2/jakarta/xml/bind/jakarta.xml.bind-api/4.0.4/jakarta.xml.bind-api-4.0.4.pom: failed resolving {Maven:jakarta.xml.bind:jakarta.xml.bind-api[Concrete:4.0.4] {}}: failed to fetch Maven project junit:junit@4.13.2:
API query failed: Maven registry http://127.0.0.1:32815/junit/junit/4.13.2/junit-4.13.2.pom query status: 404
failed resolution for home/kavya_parivarababu/oss-remediation-adk/autonomous-oss-remediation-workspaces/run-20260925T170726Z-89880aad/temp/autonomous-osv-kkdq5xds/repository/.m2/net/bytebuddy/byte-buddy-agent/1.17.8/byte-buddy-agent-1.17.8.pom: failed resolving {Maven:net.bytebuddy:byte-buddy-agent[Concrete:1.17.8] {}}: failed to fetch Maven project net.java.dev.jna:jna@5.12.1:
API query failed: Maven registry http://127.0.0.1:32815/net/java/dev/jna/jna/5.12.1/jna-5.12.1.pom query status: 404
failed resolution for home/kavya_parivarababu/oss-remediation-adk/autonomous-oss-remediation-workspaces/run-20260925T170726Z-89880aad/temp/autonomous-osv-kkdq5xds/repository/.m2/net/bytebuddy/byte-buddy-parent/1.17.8/byte-buddy-parent-1.17.8.pom: failed resolving {Maven:net.bytebuddy:byte-buddy-parent[Concrete:1.17.8] {}}: failed to fetch Maven project com.google.code.findbugs:findbugs-annotations@3.0.1:
API query failed: Maven registry http://127.0.0.1:32815/com/google/code/findbugs/findbugs-annotations/3.0.1/findbugs-annotations-3.0.1.pom query status: 404
failed resolution for home/kavya_parivarababu/oss-remediation-adk/autonomous-oss-remediation-workspaces/run-20260925T170726Z-89880aad/temp/autonomous-osv-kkdq5xds/repository/.m2/net/bytebuddy/byte-buddy/1.17.8/byte-buddy-1.17.8.pom: failed resolving {Maven:net.bytebuddy:byte-buddy[Concrete:1.17.8] {}}: failed to fetch Maven project net.java.dev.jna:jna@5.12.1:
API query failed: Maven registry http://127.0.0.1:32815/net/java/dev/jna/jna/5.12.1/jna-5.12.1.pom query status: 404
failed resolution for home/kavya_parivarababu/oss-remediation-adk/autonomous-oss-remediation-workspaces/run-20260925T170726Z-89880aad/temp/autonomous-osv-kkdq5xds/repository/.m2/net/minidev/accessors-smart/2.6.0/accessors-smart-2.6.0.pom: failed resolving {Maven:net.minidev:accessors-smart[Concrete:2.6.0] {}}: failed to fetch Maven project org.junit.jupiter:junit-jupiter-api@5.13.4:
API query failed: Maven registry http://127.0.0.1:32815/org/junit/jupiter/junit-jupiter-api/5.13.4/junit-jupiter-api-5.13.4.pom query status: 404
failed resolution for home/kavya_parivarababu/oss-remediation-adk/autonomous-oss-remediation-workspaces/run-20260925T170726Z-89880aad/temp/autonomous-osv-kkdq5xds/repository/.m2/net/minidev/json-smart/2.6.0/json-smart-2.6.0.pom: failed resolving {Maven:net.minidev:json-smart[Concrete:2.6.0] {}}: failed to fetch Maven project org.junit.jupiter:junit-jupiter-api@5.13.4:
API query failed: Maven registry http://127.0.0.1:32815/org/junit/jupiter/junit-jupiter-api/5.13.4/junit-jupiter-api-5.13.4.pom query status: 404
failed resolution for home/kavya_parivarababu/oss-remediation-adk/autonomous-oss-remediation-workspaces/run-20260925T170726Z-89880aad/temp/autonomous-osv-kkdq5xds/repository/.m2/org/apache-extras/beanshell/bsh/2.0b6/bsh-2.0b6.pom: failed resolving {Maven:org.apache-extras.beanshell:bsh[Concrete:2.0b6] {}}: failed to fetch Maven project junit:junit@4.12:
API query failed: Maven registry http://127.0.0.1:32815/junit/junit/4.12/junit-4.12.pom query status: 404
failed resolution for home/kavya_parivarababu/oss-remediation-adk/autonomous-oss-remediation-workspaces/run-20260925T170726Z-89880aad/temp/autonomous-osv-kkdq5xds/repository/.m2/org/apache/commons/commons-compress/1.26.1/commons-compress-1.26.1.pom: failed resolving {Maven:org.apache.commons:commons-compress[Concrete:1.26.1] {}}: failed to fetch Maven project org.junit.vintage:junit-vintage-engine@5.10.1:
API query failed: Maven registry http://127.0.0.1:32815/org/junit/vintage/junit-vintage-engine/5.10.1/junit-vintage-engine-5.10.1.pom query status: 404
failed resolution for home/kavya_parivarababu/oss-remediation-adk/autonomous-oss-remediation-workspaces/run-20260925T170726Z-89880aad/temp/autonomous-osv-kkdq5xds/repository/.m2/org/apache/commons/commons-compress/1.26.2/commons-compress-1.26.2.pom: failed resolving {Maven:org.apache.commons:commons-compress[Concrete:1.26.2] {}}: failed to fetch Maven project org.junit.vintage:junit-vintage-engine@5.10.2:
API query failed: Maven registry http://127.0.0.1:32815/org/junit/vintage/junit-vintage-engine/5.10.2/junit-vintage-engine-5.10.2.pom query status: 404
failed resolution for home/kavya_parivarababu/oss-remediation-adk/autonomous-oss-remediation-workspaces/run-20260925T170726Z-89880aad/temp/autonomous-osv-kkdq5xds/repository/.m2/org/apache/commons/commons-compress/1.27.1/commons-compress-1.27.1.pom: failed resolving {Maven:org.apache.commons:commons-compress[Concrete:1.27.1] {}}: failed to fetch Maven project org.junit.jupiter:junit-jupiter-params@5.11.0-M2:
API query failed: Maven registry http://127.0.0.1:32815/org/junit/jupiter/junit-jupiter-params/5.11.0-M2/junit-jupiter-params-5.11.0-M2.pom query status: 404
failed resolution for home/kavya_parivarababu/oss-remediation-adk/autonomous-oss-remediation-workspaces/run-20260925T170726Z-89880aad/temp/autonomous-osv-kkdq5xds/repository/.m2/org/apache/commons/commons-lang3/3.12.0/commons-lang3-3.12.0.pom: failed resolving {Maven:org.apache.commons:commons-lang3[Concrete:3.12.0] {}}: failed to fetch Maven project org.junit.jupiter:junit-jupiter@5.7.1:
API query failed: Maven registry http://127.0.0.1:32815/org/junit/jupiter/junit-jupiter/5.7.1/junit-jupiter-5.7.1.pom query status: 404
failed resolution for home/kavya_parivarababu/oss-remediation-adk/autonomous-oss-remediation-workspaces/run-20260925T170726Z-89880aad/temp/autonomous-osv-kkdq5xds/repository/.m2/org/apache/commons/commons-lang3/3.14.0/commons-lang3-3.14.0.pom: failed resolving {Maven:org.apache.commons:commons-lang3[Concrete:3.14.0] {}}: failed to fetch Maven project org.junit.jupiter:junit-jupiter@5.10.0:
API query failed: Maven registry http://127.0.0.1:32815/org/junit/jupiter/junit-jupiter/5.10.0/junit-jupiter-5.10.0.pom query status: 404
failed resolution for home/kavya_parivarababu/oss-remediation-adk/autonomous-oss-remediation-workspaces/run-20260925T170726Z-89880aad/temp/autonomous-osv-kkdq5xds/repository/.m2/org/apache/commons/commons-lang3/3.16.0/commons-lang3-3.16.0.pom: failed resolving {Maven:org.apache.commons:commons-lang3[Concrete:3.16.0] {}}: failed to fetch Maven project org.junit.jupiter:junit-jupiter@5.11.0-M2:
API query failed: Maven registry http://127.0.0.1:32815/org/junit/jupiter/junit-jupiter/5.11.0-M2/junit-jupiter-5.11.0-M2.pom query status: 404
failed resolution for home/kavya_parivarababu/oss-remediation-adk/autonomous-oss-remediation-workspaces/run-20260925T170726Z-89880aad/temp/autonomous-osv-kkdq5xds/repository/.m2/org/apache/commons/commons-lang3/3.19.0/commons-lang3-3.19.0.pom: failed resolving {Maven:org.apache.commons:commons-lang3[Concrete:3.19.0] {}}: failed to fetch Maven project org.junit.jupiter:junit-jupiter@5.13.4:
API query failed: Maven registry http://127.0.0.1:32815/org/junit/jupiter/junit-jupiter/5.13.4/junit-jupiter-5.13.4.pom query status: 404
failed resolution for home/kavya_parivarababu/oss-remediation-adk/autonomous-oss-remediation-workspaces/run-20260925T170726Z-89880aad/temp/autonomous-osv-kkdq5xds/repository/.m2/org/apache/commons/commons-text/1.10.0/commons-text-1.10.0.pom: failed resolving {Maven:org.apache.commons:commons-text[Concrete:1.10.0] {}}: failed to fetch Maven project org.junit.jupiter:junit-jupiter@5.9.1:
API query failed: Maven registry http://127.0.0.1:32815/org/junit/jupiter/junit-jupiter/5.9.1/junit-jupiter-5.9.1.pom query status: 404
failed resolution for home/kavya_parivarababu/oss-remediation-adk/autonomous-oss-remediation-workspaces/run-20260925T170726Z-89880aad/temp/autonomous-osv-kkdq5xds/repository/.m2/org/apache/logging/log4j/log4j-to-slf4j/2.25.4/log4j-to-slf4j-2.25.4.pom: failed resolving {Maven:org.apache.logging.log4j:log4j-to-slf4j[Concrete:2.25.4] {}}: failed to fetch Maven project org.osgi:org.osgi.core@6.0.0:
API query failed: Maven registry http://127.0.0.1:32815/org/osgi/org.osgi.core/6.0.0/org.osgi.core-6.0.0.pom query status: 404
failed resolution for home/kavya_parivarababu/oss-remediation-adk/autonomous-oss-remediation-workspaces/run-20260925T170726Z-89880aad/temp/autonomous-osv-kkdq5xds/repository/.m2/org/apache/logging/log4j/log4j/2.25.4/log4j-2.25.4.pom: failed resolving {Maven:org.apache.logging.log4j:log4j[Concrete:2.25.4] {}}: failed to fetch Maven project biz.aQute.bnd:biz.aQute.bnd.annotation@7.1.0:
API query failed: Maven registry http://127.0.0.1:32815/biz/aQute/bnd/biz.aQute.bnd.annotation/7.1.0/biz.aQute.bnd.annotation-7.1.0.pom query status: 404
failed resolution for home/kavya_parivarababu/oss-remediation-adk/autonomous-oss-remediation-workspaces/run-20260925T170726Z-89880aad/temp/autonomous-osv-kkdq5xds/repository/.m2/org/apache/maven/enforcer/enforcer-api/3.6.2/enforcer-api-3.6.2.pom: failed resolving {Maven:org.apache.maven.enforcer:enforcer-api[Concrete:3.6.2] {}}: failed to fetch Maven project org.apache.maven:maven-plugin-api@3.9.11:
API query failed: Maven registry http://127.0.0.1:32815/org/apache/maven/maven-plugin-api/3.9.11/maven-plugin-api-3.9.11.pom query status: 404
failed resolution for home/kavya_parivarababu/oss-remediation-adk/autonomous-oss-remediation-workspaces/run-20260925T170726Z-89880aad/temp/autonomous-osv-kkdq5xds/repository/.m2/org/apache/maven/enforcer/enforcer-rules/3.6.2/enforcer-rules-3.6.2.pom: failed resolving {Maven:org.apache.maven.enforcer:enforcer-rules[Concrete:3.6.2] {}}: failed to fetch Maven project org.apache.maven:maven-artifact@3.9.11:
API query failed: Maven registry http://127.0.0.1:32815/org/apache/maven/maven-artifact/3.9.11/maven-artifact-3.9.11.pom query status: 404
failed resolution for home/kavya_parivarababu/oss-remediation-adk/autonomous-oss-remediation-workspaces/run-20260925T170726Z-89880aad/temp/autonomous-osv-kkdq5xds/repository/.m2/org/apache/maven/maven-archiver/3.6.2/maven-archiver-3.6.2.pom: failed resolving {Maven:org.apache.maven:maven-archiver[Concrete:3.6.2] {}}: failed to fetch Maven project org.mockito:mockito-core@4.11.0:
API query failed: Maven registry http://127.0.0.1:32815/org/mockito/mockito-core/4.11.0/mockito-core-4.11.0.pom query status: 404
failed resolution for home/kavya_parivarababu/oss-remediation-adk/autonomous-oss-remediation-workspaces/run-20260925T170726Z-89880aad/temp/autonomous-osv-kkdq5xds/repository/.m2/org/apache/maven/plugins/maven-clean-plugin/3.5.0/maven-clean-plugin-3.5.0.pom: failed resolving {Maven:org.apache.maven.plugins:maven-clean-plugin[Concrete:3.5.0] {}}: failed to fetch Maven project org.apache.maven:maven-plugin-api@3.9.9:
API query failed: Maven registry http://127.0.0.1:32815/org/apache/maven/maven-plugin-api/3.9.9/maven-plugin-api-3.9.9.pom query status: 404
failed resolution for home/kavya_parivarababu/oss-remediation-adk/autonomous-oss-remediation-workspaces/run-20260925T170726Z-89880aad/temp/autonomous-osv-kkdq5xds/repository/.m2/org/apache/maven/plugins/maven-compiler-plugin/3.14.1/maven-compiler-plugin-3.14.1.pom: failed resolving {Maven:org.apache.maven.plugins:maven-compiler-plugin[Concrete:3.14.1] {}}: failed to fetch Maven project org.apache.maven.plugin-tools:maven-plugin-annotations@3.15.1:
API query failed: Maven registry http://127.0.0.1:32815/org/apache/maven/plugin-tools/maven-plugin-annotations/3.15.1/maven-plugin-annotations-3.15.1.pom query status: 404
failed resolution for home/kavya_parivarababu/oss-remediation-adk/autonomous-oss-remediation-workspaces/run-20260925T170726Z-89880aad/temp/autonomous-osv-kkdq5xds/repository/.m2/org/apache/maven/plugins/maven-enforcer-plugin/3.6.2/maven-enforcer-plugin-3.6.2.pom: failed resolving {Maven:org.apache.maven.plugins:maven-enforcer-plugin[Concrete:3.6.2] {}}: failed to fetch Maven project org.apache.maven:maven-plugin-api@3.9.11:
API query failed: Maven registry http://127.0.0.1:32815/org/apache/maven/maven-plugin-api/3.9.11/maven-plugin-api-3.9.11.pom query status: 404
failed resolution for home/kavya_parivarababu/oss-remediation-adk/autonomous-oss-remediation-workspaces/run-20260925T170726Z-89880aad/temp/autonomous-osv-kkdq5xds/repository/.m2/org/apache/maven/plugins/maven-jar-plugin/3.4.2/maven-jar-plugin-3.4.2.pom: failed resolving {Maven:org.apache.maven.plugins:maven-jar-plugin[Concrete:3.4.2] {}}: failed to fetch Maven project org.apache.maven.plugin-tools:maven-plugin-annotations@3.12.0:
API query failed: Maven registry http://127.0.0.1:32815/org/apache/maven/plugin-tools/maven-plugin-annotations/3.12.0/maven-plugin-annotations-3.12.0.pom query status: 404
failed resolution for home/kavya_parivarababu/oss-remediation-adk/autonomous-oss-remediation-workspaces/run-20260925T170726Z-89880aad/temp/autonomous-osv-kkdq5xds/repository/.m2/org/apache/maven/plugins/maven-resources-plugin/3.3.1/maven-resources-plugin-3.3.1.pom: failed resolving {Maven:org.apache.maven.plugins:maven-resources-plugin[Concrete:3.3.1] {}}: failed to fetch Maven project org.apache.maven.plugin-tools:maven-plugin-annotations@3.7.0:
API query failed: Maven registry http://127.0.0.1:32815/org/apache/maven/plugin-tools/maven-plugin-annotations/3.7.0/maven-plugin-annotations-3.7.0.pom query status: 404
failed resolution for home/kavya_parivarababu/oss-remediation-adk/autonomous-oss-remediation-workspaces/run-20260925T170726Z-89880aad/temp/autonomous-osv-kkdq5xds/repository/.m2/org/apache/maven/plugins/maven-shade-plugin/3.6.0/maven-shade-plugin-3.6.0.pom: failed resolving {Maven:org.apache.maven.plugins:maven-shade-plugin[Concrete:3.6.0] {}}: failed to fetch Maven project org.apache.maven:maven-plugin-api@3.9.7:
API query failed: Maven registry http://127.0.0.1:32815/org/apache/maven/maven-plugin-api/3.9.7/maven-plugin-api-3.9.7.pom query status: 404
failed resolution for home/kavya_parivarababu/oss-remediation-adk/autonomous-oss-remediation-workspaces/run-20260925T170726Z-89880aad/temp/autonomous-osv-kkdq5xds/repository/.m2/org/apache/maven/shared/file-management/3.1.0/file-management-3.1.0.pom: failed resolving {Maven:org.apache.maven.shared:file-management[Concrete:3.1.0] {}}: failed to fetch Maven project junit:junit@4.13.2:
API query failed: Maven registry http://127.0.0.1:32815/junit/junit/4.13.2/junit-4.13.2.pom query status: 404
failed resolution for home/kavya_parivarababu/oss-remediation-adk/autonomous-oss-remediation-workspaces/run-20260925T170726Z-89880aad/temp/autonomous-osv-kkdq5xds/repository/.m2/org/apache/maven/shared/maven-common-artifact-filters/3.4.0/maven-common-artifact-filters-3.4.0.pom: failed resolving {Maven:org.apache.maven.shared:maven-common-artifact-filters[Concrete:3.4.0] {}}: failed to fetch Maven project junit:junit@4.13.2:
API query failed: Maven registry http://127.0.0.1:32815/junit/junit/4.13.2/junit-4.13.2.pom query status: 404
failed resolution for home/kavya_parivarababu/oss-remediation-adk/autonomous-oss-remediation-workspaces/run-20260925T170726Z-89880aad/temp/autonomous-osv-kkdq5xds/repository/.m2/org/apache/maven/shared/maven-filtering/3.3.1/maven-filtering-3.3.1.pom: failed resolving {Maven:org.apache.maven.shared:maven-filtering[Concrete:3.3.1] {}}: failed to fetch Maven project org.mockito:mockito-core@4.7.0:
API query failed: Maven registry http://127.0.0.1:32815/org/mockito/mockito-core/4.7.0/mockito-core-4.7.0.pom query status: 404
failed resolution for home/kavya_parivarababu/oss-remediation-adk/autonomous-oss-remediation-workspaces/run-20260925T170726Z-89880aad/temp/autonomous-osv-kkdq5xds/repository/.m2/org/apache/maven/shared/maven-shared-incremental/1.1/maven-shared-incremental-1.1.pom: failed resolving {Maven:org.apache.maven.shared:maven-shared-incremental[Concrete:1.1] {}}: failed to fetch Maven project org.codehaus.plexus:plexus-component-api@1.0-alpha-16:
API query failed: Maven registry http://127.0.0.1:32815/org/codehaus/plexus/plexus-component-api/1.0-alpha-16/plexus-component-api-1.0-alpha-16.pom query status: 404
failed resolution for home/kavya_parivarababu/oss-remediation-adk/autonomous-oss-remediation-workspaces/run-20260925T170726Z-89880aad/temp/autonomous-osv-kkdq5xds/repository/.m2/org/apache/maven/shared/maven-shared-utils/3.4.2/maven-shared-utils-3.4.2.pom: failed resolving {Maven:org.apache.maven.shared:maven-shared-utils[Concrete:3.4.2] {}}: failed to fetch Maven project org.fusesource.jansi:jansi@2.4.0:
API query failed: Maven registry http://127.0.0.1:32815/org/fusesource/jansi/jansi/2.4.0/jansi-2.4.0.pom query status: 404
failed resolution for home/kavya_parivarababu/oss-remediation-adk/autonomous-oss-remediation-workspaces/run-20260925T170726Z-89880aad/temp/autonomous-osv-kkdq5xds/repository/.m2/org/apache/maven/surefire/maven-surefire-common/3.5.5/maven-surefire-common-3.5.5.pom: failed resolving {Maven:org.apache.maven.surefire:maven-surefire-common[Concrete:3.5.5] {}}: failed to fetch Maven project org.slf4j:slf4j-simple@1.7.36:
API query failed: Maven registry http://127.0.0.1:32815/org/slf4j/slf4j-simple/1.7.36/slf4j-simple-1.7.36.pom query status: 404
failed resolution for home/kavya_parivarababu/oss-remediation-adk/autonomous-oss-remediation-workspaces/run-20260925T170726Z-89880aad/temp/autonomous-osv-kkdq5xds/repository/.m2/org/apache/tomcat/embed/tomcat-embed-core/11.0.25/tomcat-embed-core-11.0.25.pom: failed resolving {Maven:org.apache.tomcat.embed:tomcat-embed-core[Concrete:11.0.25] {}}: failed to fetch Maven project org.apache.tomcat:tomcat-annotations-api@11.0.25:
API query failed: Maven registry http://127.0.0.1:32815/org/apache/tomcat/tomcat-annotations-api/11.0.25/tomcat-annotations-api-11.0.25.pom query status: 404
failed resolution for home/kavya_parivarababu/oss-remediation-adk/autonomous-oss-remediation-workspaces/run-20260925T170726Z-89880aad/temp/autonomous-osv-kkdq5xds/repository/.m2/org/assertj/assertj-core/3.27.7/assertj-core-3.27.7.pom: failed resolving {Maven:org.assertj:assertj-core[Concrete:3.27.7] {}}: failed to fetch Maven project net.bytebuddy:byte-buddy@1.18.3:
API query failed: Maven registry http://127.0.0.1:32815/net/bytebuddy/byte-buddy/1.18.3/byte-buddy-1.18.3.pom query status: 404
failed resolution for home/kavya_parivarababu/oss-remediation-adk/autonomous-oss-remediation-workspaces/run-20260925T170726Z-89880aad/temp/autonomous-osv-kkdq5xds/repository/.m2/org/codehaus/plexus/plexus-archiver/4.9.2/plexus-archiver-4.9.2.pom: failed resolving {Maven:org.codehaus.plexus:plexus-archiver[Concrete:4.9.2] {}}: failed to fetch Maven project org.slf4j:slf4j-simple@1.7.36:
API query failed: Maven registry http://127.0.0.1:32815/org/slf4j/slf4j-simple/1.7.36/slf4j-simple-1.7.36.pom query status: 404
failed resolution for home/kavya_parivarababu/oss-remediation-adk/autonomous-oss-remediation-workspaces/run-20260925T170726Z-89880aad/temp/autonomous-osv-kkdq5xds/repository/.m2/org/codehaus/plexus/plexus-compiler-api/2.15.0/plexus-compiler-api-2.15.0.pom: failed resolving {Maven:org.codehaus.plexus:plexus-compiler-api[Concrete:2.15.0] {}}: failed to fetch Maven project org.codehaus.plexus:plexus-component-annotations@2.2.0:
API query failed: Maven registry http://127.0.0.1:32815/org/codehaus/plexus/plexus-component-annotations/2.2.0/plexus-component-annotations-2.2.0.pom query status: 404
failed resolution for home/kavya_parivarababu/oss-remediation-adk/autonomous-oss-remediation-workspaces/run-20260925T170726Z-89880aad/temp/autonomous-osv-kkdq5xds/repository/.m2/org/codehaus/plexus/plexus-compilers/2.15.0/plexus-compilers-2.15.0.pom: failed resolving {Maven:org.codehaus.plexus:plexus-compilers[Concrete:2.15.0] {}}: failed to fetch Maven project org.codehaus.plexus:plexus-compiler-test@2.15.0:
API query failed: Maven registry http://127.0.0.1:32815/org/codehaus/plexus/plexus-compiler-test/2.15.0/plexus-compiler-test-2.15.0.pom query status: 404
failed resolution for home/kavya_parivarababu/oss-remediation-adk/autonomous-oss-remediation-workspaces/run-20260925T170726Z-89880aad/temp/autonomous-osv-kkdq5xds/repository/.m2/org/codehaus/plexus/plexus-io/3.4.2/plexus-io-3.4.2.pom: failed resolving {Maven:org.codehaus.plexus:plexus-io[Concrete:3.4.2] {}}: failed to fetch Maven project org.slf4j:slf4j-simple@1.7.36:
API query failed: Maven registry http://127.0.0.1:32815/org/slf4j/slf4j-simple/1.7.36/slf4j-simple-1.7.36.pom query status: 404
failed resolution for home/kavya_parivarababu/oss-remediation-adk/autonomous-oss-remediation-workspaces/run-20260925T170726Z-89880aad/temp/autonomous-osv-kkdq5xds/repository/.m2/org/codehaus/plexus/plexus-java/1.5.0/plexus-java-1.5.0.pom: failed resolving {Maven:org.codehaus.plexus:plexus-java[Concrete:1.5.0] {}}: failed to fetch Maven project org.junit.jupiter:junit-jupiter-api@5.11.4:
API query failed: Maven registry http://127.0.0.1:32815/org/junit/jupiter/junit-jupiter-api/5.11.4/junit-jupiter-api-5.11.4.pom query status: 404
failed resolution for home/kavya_parivarababu/oss-remediation-adk/autonomous-oss-remediation-workspaces/run-20260925T170726Z-89880aad/temp/autonomous-osv-kkdq5xds/repository/.m2/org/codehaus/plexus/plexus-java/1.5.2/plexus-java-1.5.2.pom: failed resolving {Maven:org.codehaus.plexus:plexus-java[Concrete:1.5.2] {}}: failed to fetch Maven project org.junit.jupiter:junit-jupiter-api@5.13.4:
API query failed: Maven registry http://127.0.0.1:32815/org/junit/jupiter/junit-jupiter-api/5.13.4/junit-jupiter-api-5.13.4.pom query status: 404
failed resolution for home/kavya_parivarababu/oss-remediation-adk/autonomous-oss-remediation-workspaces/run-20260925T170726Z-89880aad/temp/autonomous-osv-kkdq5xds/repository/.m2/org/codehaus/plexus/plexus-utils/3.5.0/plexus-utils-3.5.0.pom: failed resolving {Maven:org.codehaus.plexus:plexus-utils[Concrete:3.5.0] {}}: failed to fetch Maven project org.openjdk.jmh:jmh-core@1.35:
API query failed: Maven registry http://127.0.0.1:32815/org/openjdk/jmh/jmh-core/1.35/jmh-core-1.35.pom query status: 404
failed resolution for home/kavya_parivarababu/oss-remediation-adk/autonomous-oss-remediation-workspaces/run-20260925T170726Z-89880aad/temp/autonomous-osv-kkdq5xds/repository/.m2/org/codehaus/plexus/plexus-utils/3.5.1/plexus-utils-3.5.1.pom: failed resolving {Maven:org.codehaus.plexus:plexus-utils[Concrete:3.5.1] {}}: failed to fetch Maven project org.openjdk.jmh:jmh-core@1.36:
API query failed: Maven registry http://127.0.0.1:32815/org/openjdk/jmh/jmh-core/1.36/jmh-core-1.36.pom query status: 404
failed resolution for home/kavya_parivarababu/oss-remediation-adk/autonomous-oss-remediation-workspaces/run-20260925T170726Z-89880aad/temp/autonomous-osv-kkdq5xds/repository/.m2/org/codehaus/plexus/plexus-xml/3.0.1/plexus-xml-3.0.1.pom: failed resolving {Maven:org.codehaus.plexus:plexus-xml[Concrete:3.0.1] {}}: failed to fetch Maven project org.openjdk.jmh:jmh-core@1.37:
API query failed: Maven registry http://127.0.0.1:32815/org/openjdk/jmh/jmh-core/1.37/jmh-core-1.37.pom query status: 404
failed resolution for home/kavya_parivarababu/oss-remediation-adk/autonomous-oss-remediation-workspaces/run-20260925T170726Z-89880aad/temp/autonomous-osv-kkdq5xds/repository/.m2/org/codehaus/plexus/plexus/5.1/plexus-5.1.pom: failed resolving {Maven:org.codehaus.plexus:plexus[Concrete:5.1] {}}: failed to fetch Maven project junit:junit@4.12:
API query failed: Maven registry http://127.0.0.1:32815/junit/junit/4.12/junit-4.12.pom query status: 404
failed resolution for home/kavya_parivarababu/oss-remediation-adk/autonomous-oss-remediation-workspaces/run-20260925T170726Z-89880aad/temp/autonomous-osv-kkdq5xds/repository/.m2/org/hdrhistogram/HdrHistogram/2.2.2/HdrHistogram-2.2.2.pom: failed resolving {Maven:org.hdrhistogram:HdrHistogram[Concrete:2.2.2] {}}: failed to fetch Maven project org.junit.jupiter:junit-jupiter-api@5.9.3:
API query failed: Maven registry http://127.0.0.1:32815/org/junit/jupiter/junit-jupiter-api/5.9.3/junit-jupiter-api-5.9.3.pom query status: 404
failed resolution for home/kavya_parivarababu/oss-remediation-adk/autonomous-oss-remediation-workspaces/run-20260925T170726Z-89880aad/temp/autonomous-osv-kkdq5xds/repository/.m2/org/hibernate/validator/hibernate-validator/9.0.1.Final/hibernate-validator-9.0.1.Final.pom: failed resolving {Maven:org.hibernate.validator:hibernate-validator[Concrete:9.0.1.Final] {}}: failed to fetch Maven project org.jboss.logging:jboss-logging@3.6.1.Final:
API query failed: Maven registry http://127.0.0.1:32815/org/jboss/logging/jboss-logging/3.6.1.Final/jboss-logging-3.6.1.Final.pom query status: 404
failed resolution for home/kavya_parivarababu/oss-remediation-adk/autonomous-oss-remediation-workspaces/run-20260925T170726Z-89880aad/temp/autonomous-osv-kkdq5xds/repository/.m2/org/iq80/snappy/snappy/0.4/snappy-0.4.pom: failed resolving {Maven:org.iq80.snappy:snappy[Concrete:0.4] {}}: failed to fetch Maven project org.apache.hadoop:hadoop-core@0.20.2:
API query failed: Maven registry http://127.0.0.1:32815/org/apache/hadoop/hadoop-core/0.20.2/hadoop-core-0.20.2.pom query status: 404
failed resolution for home/kavya_parivarababu/oss-remediation-adk/autonomous-oss-remediation-workspaces/run-20260925T170726Z-89880aad/temp/autonomous-osv-kkdq5xds/repository/.m2/org/jboss/logging/jboss-logging/3.6.3.Final/jboss-logging-3.6.3.Final.pom: failed resolving {Maven:org.jboss.logging:jboss-logging[Concrete:3.6.3.Final] {}}: failed to fetch Maven project org.jboss.logmanager:jboss-logmanager@3.1.2.Final:
API query failed: Maven registry http://127.0.0.1:32815/org/jboss/logmanager/jboss-logmanager/3.1.2.Final/jboss-logmanager-3.1.2.Final.pom query status: 404
failed resolution for home/kavya_parivarababu/oss-remediation-adk/autonomous-oss-remediation-workspaces/run-20260925T170726Z-89880aad/temp/autonomous-osv-kkdq5xds/repository/.m2/org/jdom/jdom2/2.0.6.1/jdom2-2.0.6.1.pom: failed resolving {Maven:org.jdom:jdom2[Concrete:2.0.6.1] {}}: failed to fetch Maven project jaxen:jaxen@1.2.0:
API query failed: Maven registry http://127.0.0.1:32815/jaxen/jaxen/1.2.0/jaxen-1.2.0.pom query status: 404
failed resolution for home/kavya_parivarababu/oss-remediation-adk/autonomous-oss-remediation-workspaces/run-20260925T170726Z-89880aad/temp/autonomous-osv-kkdq5xds/repository/.m2/org/json/json/20231013/json-20231013.pom: failed resolving {Maven:org.json:json[Concrete:20231013] {}}: failed to fetch Maven project junit:junit@4.13.2:
API query failed: Maven registry http://127.0.0.1:32815/junit/junit/4.13.2/junit-4.13.2.pom query status: 404
failed resolution for home/kavya_parivarababu/oss-remediation-adk/autonomous-oss-remediation-workspaces/run-20260925T170726Z-89880aad/temp/autonomous-osv-kkdq5xds/repository/.m2/org/latencyutils/LatencyUtils/2.0.3/LatencyUtils-2.0.3.pom: failed resolving {Maven:org.latencyutils:LatencyUtils[Concrete:2.0.3] {}}: failed to fetch Maven project junit:junit@4.10:
API query failed: Maven registry http://127.0.0.1:32815/junit/junit/4.10/junit-4.10.pom query status: 404
failed resolution for home/kavya_parivarababu/oss-remediation-adk/autonomous-oss-remediation-workspaces/run-20260925T170726Z-89880aad/temp/autonomous-osv-kkdq5xds/repository/.m2/org/mockito/mockito-core/5.20.0/mockito-core-5.20.0.pom: failed resolving {Maven:org.mockito:mockito-core[Concrete:5.20.0] {}}: failed to fetch Maven project net.bytebuddy:byte-buddy@1.17.7:
API query failed: Maven registry http://127.0.0.1:32815/net/bytebuddy/byte-buddy/1.17.7/byte-buddy-1.17.7.pom query status: 404
failed resolution for home/kavya_parivarababu/oss-remediation-adk/autonomous-oss-remediation-workspaces/run-20260925T170726Z-89880aad/temp/autonomous-osv-kkdq5xds/repository/.m2/org/mockito/mockito-junit-jupiter/5.20.0/mockito-junit-jupiter-5.20.0.pom: failed resolving {Maven:org.mockito:mockito-junit-jupiter[Concrete:5.20.0] {}}: failed to fetch Maven project org.junit.jupiter:junit-jupiter-api@5.13.4:
API query failed: Maven registry http://127.0.0.1:32815/org/junit/jupiter/junit-jupiter-api/5.13.4/junit-jupiter-api-5.13.4.pom query status: 404
failed resolution for home/kavya_parivarababu/oss-remediation-adk/autonomous-oss-remediation-workspaces/run-20260925T170726Z-89880aad/temp/autonomous-osv-kkdq5xds/repository/.m2/org/objenesis/objenesis-parent/3.3/objenesis-parent-3.3.pom: failed resolving {Maven:org.objenesis:objenesis-parent[Concrete:3.3] {}}: failed to fetch Maven project org.junit.jupiter:junit-jupiter@5.9.0:
API query failed: Maven registry http://127.0.0.1:32815/org/junit/jupiter/junit-jupiter/5.9.0/junit-jupiter-5.9.0.pom query status: 404
failed resolution for home/kavya_parivarababu/oss-remediation-adk/autonomous-oss-remediation-workspaces/run-20260925T170726Z-89880aad/temp/autonomous-osv-kkdq5xds/repository/.m2/org/skyscreamer/jsonassert/1.5.3/jsonassert-1.5.3.pom: failed resolving {Maven:org.skyscreamer:jsonassert[Concrete:1.5.3] {}}: failed to fetch Maven project junit:junit@4.13.2:
API query failed: Maven registry http://127.0.0.1:32815/junit/junit/4.13.2/junit-4.13.2.pom query status: 404
failed resolution for home/kavya_parivarababu/oss-remediation-adk/autonomous-oss-remediation-workspaces/run-20260925T170726Z-89880aad/temp/autonomous-osv-kkdq5xds/repository/.m2/org/slf4j/slf4j-parent/1.7.36/slf4j-parent-1.7.36.pom: failed resolving {Maven:org.slf4j:slf4j-parent[Concrete:1.7.36] {}}: failed to fetch Maven project junit:junit@4.13:
API query failed: Maven registry http://127.0.0.1:32815/junit/junit/4.13/junit-4.13.pom query status: 404
failed resolution for home/kavya_parivarababu/oss-remediation-adk/autonomous-oss-remediation-workspaces/run-20260925T170726Z-89880aad/temp/autonomous-osv-kkdq5xds/repository/.m2/org/slf4j/slf4j-parent/2.0.17/slf4j-parent-2.0.17.pom: failed resolving {Maven:org.slf4j:slf4j-parent[Concrete:2.0.17] {}}: failed to fetch Maven project junit:junit@4.13.1:
API query failed: Maven registry http://127.0.0.1:32815/junit/junit/4.13.1/junit-4.13.1.pom query status: 404
failed resolution for home/kavya_parivarababu/oss-remediation-adk/autonomous-oss-remediation-workspaces/run-20260925T170726Z-89880aad/temp/autonomous-osv-kkdq5xds/repository/.m2/org/sonatype/plexus/plexus-build-api/0.0.7/plexus-build-api-0.0.7.pom: failed resolving {Maven:org.sonatype.plexus:plexus-build-api[Concrete:0.0.7] {}}: failed to fetch Maven project org.codehaus.plexus:plexus-container-default@1.0-alpha-9:
API query failed: Maven registry http://127.0.0.1:32815/org/codehaus/plexus/plexus-container-default/1.0-alpha-9/plexus-container-default-1.0-alpha-9.pom query status: 404
failed resolution for home/kavya_parivarababu/oss-remediation-adk/autonomous-oss-remediation-workspaces/run-20260925T170726Z-89880aad/temp/autonomous-osv-kkdq5xds/repository/.m2/org/springframework/boot/spring-boot-starter-test/4.0.6/spring-boot-starter-test-4.0.6.pom: failed resolving {Maven:org.springframework.boot:spring-boot-starter-test[Concrete:4.0.6] {}}: failed to fetch Maven project net.bytebuddy:byte-buddy@1.18.3:
API query failed: Maven registry http://127.0.0.1:32815/net/bytebuddy/byte-buddy/1.18.3/byte-buddy-1.18.3.pom query status: 404
failed resolution for home/kavya_parivarababu/oss-remediation-adk/autonomous-oss-remediation-workspaces/run-20260925T170726Z-89880aad/temp/autonomous-osv-kkdq5xds/repository/.m2/org/springframework/boot/spring-boot-starter-validation/4.0.6/spring-boot-starter-validation-4.0.6.pom: failed resolving {Maven:org.springframework.boot:spring-boot-starter-validation[Concrete:4.0.6] {}}: failed to fetch Maven project org.jboss.logging:jboss-logging@3.6.1.Final:
API query failed: Maven registry http://127.0.0.1:32815/org/jboss/logging/jboss-logging/3.6.1.Final/jboss-logging-3.6.1.Final.pom query status: 404
failed resolution for home/kavya_parivarababu/oss-remediation-adk/autonomous-oss-remediation-workspaces/run-20260925T170726Z-89880aad/temp/autonomous-osv-kkdq5xds/repository/.m2/org/springframework/boot/spring-boot-validation/4.0.6/spring-boot-validation-4.0.6.pom: failed resolving {Maven:org.springframework.boot:spring-boot-validation[Concrete:4.0.6] {}}: failed to fetch Maven project org.jboss.logging:jboss-logging@3.6.1.Final:
API query failed: Maven registry http://127.0.0.1:32815/org/jboss/logging/jboss-logging/3.6.1.Final/jboss-logging-3.6.1.Final.pom query status: 404
failed resolution for home/kavya_parivarababu/oss-remediation-adk/autonomous-oss-remediation-workspaces/run-20260925T170726Z-89880aad/temp/autonomous-osv-kkdq5xds/repository/.m2/org/vafer/jdependency/2.10/jdependency-2.10.pom: failed resolving {Maven:org.vafer:jdependency[Concrete:2.10] {}}: failed to fetch Maven project junit:junit@4.13.2:
API query failed: Maven registry http://127.0.0.1:32815/junit/junit/4.13.2/junit-4.13.2.pom query status: 404
failed resolution for home/kavya_parivarababu/oss-remediation-adk/autonomous-oss-remediation-workspaces/run-20260925T170726Z-89880aad/temp/autonomous-osv-kkdq5xds/repository/.m2/org/yaml/snakeyaml/2.5/snakeyaml-2.5.pom: failed resolving {Maven:org.yaml:snakeyaml[Concrete:2.5] {}}: failed to fetch Maven project junit:junit@4.13.2:
API query failed: Maven registry http://127.0.0.1:32815/junit/junit/4.13.2/junit-4.13.2.pom query status: 404
failed resolution for home/kavya_parivarababu/oss-remediation-adk/autonomous-oss-remediation-workspaces/run-20260925T170726Z-89880aad/temp/autonomous-osv-kkdq5xds/repository/.m2/tools/jackson/core/jackson-databind/3.1.2/jackson-databind-3.1.2.pom: failed resolving {Maven:tools.jackson.core:jackson-databind[Concrete:3.1.2] {}}: failed to fetch Maven project com.google.guava:guava-testlib@32.0.1-jre:
API query failed: Maven registry http://127.0.0.1:32815/com/google/guava/guava-testlib/32.0.1-jre/guava-testlib-32.0.1-jre.pom query status: 404
Error during extraction: (extracting as transitivedependency/pomxml) failed resolution for home/kavya_parivarababu/oss-remediation-adk/autonomous-oss-remediation-workspaces/run-20260925T170726Z-89880aad/temp/autonomous-osv-kkdq5xds/repository/.m2/ch/qos/logback/logback-classic/1.5.32/logback-classic-1.5.32.pom: failed resolving {Maven:ch.qos.logback:logback-classic[Concrete:1.5.32] {}}: failed to fetch Maven project org.slf4j:log4j-over-slf4j@2.0.17:
API query failed: Maven registry http://127.0.0.1:32815/org/slf4j/log4j-over-slf4j/2.0.17/log4j-over-slf4j-2.0.17.pom query status: 404
failed resolution for home/kavya_parivarababu/oss-remediation-adk/autonomous-oss-remediation-workspaces/run-20260925T170726Z-89880aad/temp/autonomous-osv-kkdq5xds/repository/.m2/ch/qos/logback/logback-parent/1.5.32/logback-parent-1.5.32.pom: failed resolving {Maven:ch.qos.logback:logback-parent[Concrete:1.5.32] {}}: failed to fetch Maven project org.junit.jupiter:junit-jupiter-api@5.9.1:
API query failed: Maven registry http://127.0.0.1:32815/org/junit/jupiter/junit-jupiter-api/5.9.1/junit-jupiter-api-5.9.1.pom query status: 404
failed resolution for home/kavya_parivarababu/oss-remediation-adk/autonomous-oss-remediation-workspaces/run-20260925T170726Z-89880aad/temp/autonomous-osv-kkdq5xds/repository/.m2/com/github/luben/zstd-jni/1.5.5-11/zstd-jni-1.5.5-11.pom: failed resolving {Maven:com.github.luben:zstd-jni[Concrete:1.5.5-11] {}}: failed to fetch Maven project org.scalatest:scalatest_2.13@3.2.17:
API query failed: Maven registry http://127.0.0.1:32815/org/scalatest/scalatest_2.13/3.2.17/scalatest_2.13-3.2.17.pom query status: 404
failed resolution for home/kavya_parivarababu/oss-remediation-adk/autonomous-oss-remediation-workspaces/run-20260925T170726Z-89880aad/temp/autonomous-osv-kkdq5xds/repository/.m2/com/thoughtworks/qdox/qdox/2.2.0/qdox-2.2.0.pom: failed resolving {Maven:com.thoughtworks.qdox:qdox[Concrete:2.2.0] {}}: failed to fetch Maven project org.junit.jupiter:junit-jupiter@5.11.3:
API query failed: Maven registry http://127.0.0.1:32815/org/junit/jupiter/junit-jupiter/5.11.3/junit-jupiter-5.11.3.pom query status: 404
failed resolution for home/kavya_parivarababu/oss-remediation-adk/autonomous-oss-remediation-workspaces/run-20260925T170726Z-89880aad/temp/autonomous-osv-kkdq5xds/repository/.m2/commons-codec/commons-codec/1.17.1/commons-codec-1.17.1.pom: failed resolving {Maven:commons-codec:commons-codec[Concrete:1.17.1] {}}: failed to fetch Maven project org.junit.jupiter:junit-jupiter-engine@5.11.0-M2:
API query failed: Maven registry http://127.0.0.1:32815/org/junit/jupiter/junit-jupiter-engine/5.11.0-M2/junit-jupiter-engine-5.11.0-M2.pom query status: 404
failed resolution for home/kavya_parivarababu/oss-remediation-adk/autonomous-oss-remediation-workspaces/run-20260925T170726Z-89880aad/temp/autonomous-osv-kkdq5xds/repository/.m2/commons-codec/commons-codec/1.19.0/commons-codec-1.19.0.pom: failed resolving {Maven:commons-codec:commons-codec[Concrete:1.19.0] {}}: failed to fetch Maven project org.junit.jupiter:junit-jupiter-engine@5.13.1:
API query failed: Maven registry http://127.0.0.1:32815/org/junit/jupiter/junit-jupiter-engine/5.13.1/junit-jupiter-engine-5.13.1.pom query status: 404
failed resolution for home/kavya_parivarababu/oss-remediation-adk/autonomous-oss-remediation-workspaces/run-20260925T170726Z-89880aad/temp/autonomous-osv-kkdq5xds/repository/.m2/commons-io/commons-io/2.11.0/commons-io-2.11.0.pom: failed resolving {Maven:commons-io:commons-io[Concrete:2.11.0] {}}: failed to fetch Maven project org.junit.jupiter:junit-jupiter@5.7.2:
API query failed: Maven registry http://127.0.0.1:32815/org/junit/jupiter/junit-jupiter/5.7.2/junit-jupiter-5.7.2.pom query status: 404
failed resolution for home/kavya_parivarababu/oss-remediation-adk/autonomous-oss-remediation-workspaces/run-20260925T170726Z-89880aad/temp/autonomous-osv-kkdq5xds/repository/.m2/commons-io/commons-io/2.16.1/commons-io-2.16.1.pom: failed resolving {Maven:commons-io:commons-io[Concrete:2.16.1] {}}: failed to fetch Maven project org.junit-pioneer:junit-pioneer@1.9.1:
API query failed: Maven registry http://127.0.0.1:32815/org/junit-pioneer/junit-pioneer/1.9.1/junit-pioneer-1.9.1.pom query status: 404
failed resolution for home/kavya_parivarababu/oss-remediation-adk/autonomous-oss-remediation-workspaces/run-20260925T170726Z-89880aad/temp/autonomous-osv-kkdq5xds/repository/.m2/commons-io/commons-io/2.20.0/commons-io-2.20.0.pom: failed resolving {Maven:commons-io:commons-io[Concrete:2.20.0] {}}: failed to fetch Maven project org.junit.jupiter:junit-jupiter@5.13.1:
API query failed: Maven registry http://127.0.0.1:32815/org/junit/jupiter/junit-jupiter/5.13.1/junit-jupiter-5.13.1.pom query status: 404
failed resolution for home/kavya_parivarababu/oss-remediation-adk/autonomous-oss-remediation-workspaces/run-20260925T170726Z-89880aad/temp/autonomous-osv-kkdq5xds/repository/.m2/commons-logging/commons-logging/1.3.5/commons-logging-1.3.5.pom: failed resolving {Maven:commons-logging:commons-logging[Concrete:1.3.5] {}}: failed to fetch Maven project org.junit.vintage:junit-vintage-engine@5.11.4:
API query failed: Maven registry http://127.0.0.1:32815/org/junit/vintage/junit-vintage-engine/5.11.4/junit-vintage-engine-5.11.4.pom query status: 404
failed resolution for home/kavya_parivarababu/oss-remediation-adk/autonomous-oss-remediation-workspaces/run-20260925T170726Z-89880aad/temp/autonomous-osv-kkdq5xds/repository/.m2/commons-logging/commons-logging/1.3.6/commons-logging-1.3.6.pom: failed resolving {Maven:commons-logging:commons-logging[Concrete:1.3.6] {}}: failed to fetch Maven project org.junit.vintage:junit-vintage-engine@5.14.2:
API query failed: Maven registry http://127.0.0.1:32815/org/junit/vintage/junit-vintage-engine/5.14.2/junit-vintage-engine-5.14.2.pom query status: 404
failed resolution for home/kavya_parivarababu/oss-remediation-adk/autonomous-oss-remediation-workspaces/run-20260925T170726Z-89880aad/temp/autonomous-osv-kkdq5xds/repository/.m2/io/micrometer/micrometer-commons/1.16.5/micrometer-commons-1.16.5.pom: failed resolving {Maven:io.micrometer:micrometer-commons[Concrete:1.16.5] {}}: failed to fetch Maven project ch.qos.logback:logback-classic@1.2.13:
API query failed: Maven registry http://127.0.0.1:32815/ch/qos/logback/logback-classic/1.2.13/logback-classic-1.2.13.pom query status: 404
failed resolution for home/kavya_parivarababu/oss-remediation-adk/autonomous-oss-remediation-workspaces/run-20260925T170726Z-89880aad/temp/autonomous-osv-kkdq5xds/repository/.m2/io/micrometer/micrometer-core/1.16.6/micrometer-core-1.16.6.pom: failed resolving {Maven:io.micrometer:micrometer-core[Concrete:1.16.6] {}}: failed to fetch Maven project org.aspectj:aspectjrt@1.9.24:
API query failed: Maven registry http://127.0.0.1:32815/org/aspectj/aspectjrt/1.9.24/aspectjrt-1.9.24.pom query status: 404
failed resolution for home/kavya_parivarababu/oss-remediation-adk/autonomous-oss-remediation-workspaces/run-20260925T170726Z-89880aad/temp/autonomous-osv-kkdq5xds/repository/.m2/io/micrometer/micrometer-jakarta9/1.16.5/micrometer-jakarta9-1.16.5.pom: failed resolving {Maven:io.micrometer:micrometer-jakarta9[Concrete:1.16.5] {}}: failed to fetch Maven project jakarta.jms:jakarta.jms-api@3.0.0:
API query failed: Maven registry http://127.0.0.1:32815/jakarta/jms/jakarta.jms-api/3.0.0/jakarta.jms-api-3.0.0.pom query status: 404
failed resolution for home/kavya_parivarababu/oss-remediation-adk/autonomous-oss-remediation-workspaces/run-20260925T170726Z-89880aad/temp/autonomous-osv-kkdq5xds/repository/.m2/io/micrometer/micrometer-observation/1.16.5/micrometer-observation-1.16.5.pom: failed resolving {Maven:io.micrometer:micrometer-observation[Concrete:1.16.5] {}}: failed to fetch Maven project io.micrometer:context-propagation@1.2.1:
API query failed: Maven registry http://127.0.0.1:32815/io/micrometer/context-propagation/1.2.1/context-propagation-1.2.1.pom query status: 404
failed resolution for home/kavya_parivarababu/oss-remediation-adk/autonomous-oss-remediation-workspaces/run-20260925T170726Z-89880aad/temp/autonomous-osv-kkdq5xds/repository/.m2/jakarta/validation/jakarta.validation-api/3.1.1/jakarta.validation-api-3.1.1.pom: failed resolving {Maven:jakarta.validation:jakarta.validation-api[Concrete:3.1.1] {}}: failed to fetch Maven project org.testng:testng@7.9.0:
API query failed: Maven registry http://127.0.0.1:32815/org/testng/testng/7.9.0/testng-7.9.0.pom query status: 404
failed resolution for home/kavya_parivarababu/oss-remediation-adk/autonomous-oss-remediation-workspaces/run-20260925T170726Z-89880aad/temp/autonomous-osv-kkdq5xds/repository/.m2/jakarta/xml/bind/jakarta.xml.bind-api/4.0.4/jakarta.xml.bind-api-4.0.4.pom: failed resolving {Maven:jakarta.xml.bind:jakarta.xml.bind-api[Concrete:4.0.4] {}}: failed to fetch Maven project junit:junit@4.13.2:
API query failed: Maven registry http://127.0.0.1:32815/junit/junit/4.13.2/junit-4.13.2.pom query status: 404
failed resolution for home/kavya_parivarababu/oss-remediation-adk/autonomous-oss-remediation-workspaces/run-20260925T170726Z-89880aad/temp/autonomous-osv-kkdq5xds/repository/.m2/net/bytebuddy/byte-buddy-agent/1.17.8/byte-buddy-agent-1.17.8.pom: failed resolving {Maven:net.bytebuddy:byte-buddy-agent[Concrete:1.17.8] {}}: failed to fetch Maven project net.java.dev.jna:jna@5.12.1:
API query failed: Maven registry http://127.0.0.1:32815/net/java/dev/jna/jna/5.12.1/jna-5.12.1.pom query status: 404
failed resolution for home/kavya_parivarababu/oss-remediation-adk/autonomous-oss-remediation-workspaces/run-20260925T170726Z-89880aad/temp/autonomous-osv-kkdq5xds/repository/.m2/net/bytebuddy/byte-buddy-parent/1.17.8/byte-buddy-parent-1.17.8.pom: failed resolving {Maven:net.bytebuddy:byte-buddy-parent[Concrete:1.17.8] {}}: failed to fetch Maven project com.google.code.findbugs:findbugs-annotations@3.0.1:
API query failed: Maven registry http://127.0.0.1:32815/com/google/code/findbugs/findbugs-annotations/3.0.1/findbugs-annotations-3.0.1.pom query status: 404
failed resolution for home/kavya_parivarababu/oss-remediation-adk/autonomous-oss-remediation-workspaces/run-20260925T170726Z-89880aad/temp/autonomous-osv-kkdq5xds/repository/.m2/net/bytebuddy/byte-buddy/1.17.8/byte-buddy-1.17.8.pom: failed resolving {Maven:net.bytebuddy:byte-buddy[Concrete:1.17.8] {}}: failed to fetch Maven project net.java.dev.jna:jna@5.12.1:
API query failed: Maven registry http://127.0.0.1:32815/net/java/dev/jna/jna/5.12.1/jna-5.12.1.pom query status: 404
failed resolution for home/kavya_parivarababu/oss-remediation-adk/autonomous-oss-remediation-workspaces/run-20260925T170726Z-89880aad/temp/autonomous-osv-kkdq5xds/repository/.m2/net/minidev/accessors-smart/2.6.0/accessors-smart-2.6.0.pom: failed resolving {Maven:net.minidev:accessors-smart[Concrete:2.6.0] {}}: failed to fetch Maven project org.junit.jupiter:junit-jupiter-api@5.13.4:
API query failed: Maven registry http://127.0.0.1:32815/org/junit/jupiter/junit-jupiter-api/5.13.4/junit-jupiter-api-5.13.4.pom query status: 404
failed resolution for home/kavya_parivarababu/oss-remediation-adk/autonomous-oss-remediation-workspaces/run-20260925T170726Z-89880aad/temp/autonomous-osv-kkdq5xds/repository/.m2/net/minidev/json-smart/2.6.0/json-smart-2.6.0.pom: failed resolving {Maven:net.minidev:json-smart[Concrete:2.6.0] {}}: failed to fetch Maven project org.junit.jupiter:junit-jupiter-api@5.13.4:
API query failed: Maven registry http://127.0.0.1:32815/org/junit/jupiter/junit-jupiter-api/5.13.4/junit-jupiter-api-5.13.4.pom query status: 404
failed resolution for home/kavya_parivarababu/oss-remediation-adk/autonomous-oss-remediation-workspaces/run-20260925T170726Z-89880aad/temp/autonomous-osv-kkdq5xds/repository/.m2/org/apache-extras/beanshell/bsh/2.0b6/bsh-2.0b6.pom: failed resolving {Maven:org.apache-extras.beanshell:bsh[Concrete:2.0b6] {}}: failed to fetch Maven project junit:junit@4.12:
API query failed: Maven registry http://127.0.0.1:32815/junit/junit/4.12/junit-4.12.pom query status: 404
failed resolution for home/kavya_parivarababu/oss-remediation-adk/autonomous-oss-remediation-workspaces/run-20260925T170726Z-89880aad/temp/autonomous-osv-kkdq5xds/repository/.m2/org/apache/commons/commons-compress/1.26.1/commons-compress-1.26.1.pom: failed resolving {Maven:org.apache.commons:commons-compress[Concrete:1.26.1] {}}: failed to fetch Maven project org.junit.vintage:junit-vintage-engine@5.10.1:
API query failed: Maven registry http://127.0.0.1:32815/org/junit/vintage/junit-vintage-engine/5.10.1/junit-vintage-engine-5.10.1.pom query status: 404
failed resolution for home/kavya_parivarababu/oss-remediation-adk/autonomous-oss-remediation-workspaces/run-20260925T170726Z-89880aad/temp/autonomous-osv-kkdq5xds/repository/.m2/org/apache/commons/commons-compress/1.26.2/commons-compress-1.26.2.pom: failed resolving {Maven:org.apache.commons:commons-compress[Concrete:1.26.2] {}}: failed to fetch Maven project org.junit.vintage:junit-vintage-engine@5.10.2:
API query failed: Maven registry http://127.0.0.1:32815/org/junit/vintage/junit-vintage-engine/5.10.2/junit-vintage-engine-5.10.2.pom query status: 404
failed resolution for home/kavya_parivarababu/oss-remediation-adk/autonomous-oss-remediation-workspaces/run-20260925T170726Z-89880aad/temp/autonomous-osv-kkdq5xds/repository/.m2/org/apache/commons/commons-compress/1.27.1/commons-compress-1.27.1.pom: failed resolving {Maven:org.apache.commons:commons-compress[Concrete:1.27.1] {}}: failed to fetch Maven project org.junit.jupiter:junit-jupiter-params@5.11.0-M2:
API query failed: Maven registry http://127.0.0.1:32815/org/junit/jupiter/junit-jupiter-params/5.11.0-M2/junit-jupiter-params-5.11.0-M2.pom query status: 404
failed resolution for home/kavya_parivarababu/oss-remediation-adk/autonomous-oss-remediation-workspaces/run-20260925T170726Z-89880aad/temp/autonomous-osv-kkdq5xds/repository/.m2/org/apache/commons/commons-lang3/3.12.0/commons-lang3-3.12.0.pom: failed resolving {Maven:org.apache.commons:commons-lang3[Concrete:3.12.0] {}}: failed to fetch Maven project org.junit.jupiter:junit-jupiter@5.7.1:
API query failed: Maven registry http://127.0.0.1:32815/org/junit/jupiter/junit-jupiter/5.7.1/junit-jupiter-5.7.1.pom query status: 404
failed resolution for home/kavya_parivarababu/oss-remediation-adk/autonomous-oss-remediation-workspaces/run-20260925T170726Z-89880aad/temp/autonomous-osv-kkdq5xds/repository/.m2/org/apache/commons/commons-lang3/3.14.0/commons-lang3-3.14.0.pom: failed resolving {Maven:org.apache.commons:commons-lang3[Concrete:3.14.0] {}}: failed to fetch Maven project org.junit.jupiter:junit-jupiter@5.10.0:
API query failed: Maven registry http://127.0.0.1:32815/org/junit/jupiter/junit-jupiter/5.10.0/junit-jupiter-5.10.0.pom query status: 404
failed resolution for home/kavya_parivarababu/oss-remediation-adk/autonomous-oss-remediation-workspaces/run-20260925T170726Z-89880aad/temp/autonomous-osv-kkdq5xds/repository/.m2/org/apache/commons/commons-lang3/3.16.0/commons-lang3-3.16.0.pom: failed resolving {Maven:org.apache.commons:commons-lang3[Concrete:3.16.0] {}}: failed to fetch Maven project org.junit.jupiter:junit-jupiter@5.11.0-M2:
API query failed: Maven registry http://127.0.0.1:32815/org/junit/jupiter/junit-jupiter/5.11.0-M2/junit-jupiter-5.11.0-M2.pom query status: 404
failed resolution for home/kavya_parivarababu/oss-remediation-adk/autonomous-oss-remediation-workspaces/run-20260925T170726Z-89880aad/temp/autonomous-osv-kkdq5xds/repository/.m2/org/apache/commons/commons-lang3/3.19.0/commons-lang3-3.19.0.pom: failed resolving {Maven:org.apache.commons:commons-lang3[Concrete:3.19.0] {}}: failed to fetch Maven project org.junit.jupiter:junit-jupiter@5.13.4:
API query failed: Maven registry http://127.0.0.1:32815/org/junit/jupiter/junit-jupiter/5.13.4/junit-jupiter-5.13.4.pom query status: 404
failed resolution for home/kavya_parivarababu/oss-remediation-adk/autonomous-oss-remediation-workspaces/run-20260925T170726Z-89880aad/temp/autonomous-osv-kkdq5xds/repository/.m2/org/apache/commons/commons-text/1.10.0/commons-text-1.10.0.pom: failed resolving {Maven:org.apache.commons:commons-text[Concrete:1.10.0] {}}: failed to fetch Maven project org.junit.jupiter:junit-jupiter@5.9.1:
API query failed: Maven registry http://127.0.0.1:32815/org/junit/jupiter/junit-jupiter/5.9.1/junit-jupiter-5.9.1.pom query status: 404
failed resolution for home/kavya_parivarababu/oss-remediation-adk/autonomous-oss-remediation-workspaces/run-20260925T170726Z-89880aad/temp/autonomous-osv-kkdq5xds/repository/.m2/org/apache/logging/log4j/log4j-to-slf4j/2.25.4/log4j-to-slf4j-2.25.4.pom: failed resolving {Maven:org.apache.logging.log4j:log4j-to-slf4j[Concrete:2.25.4] {}}: failed to fetch Maven project org.osgi:org.osgi.core@6.0.0:
API query failed: Maven registry http://127.0.0.1:32815/org/osgi/org.osgi.core/6.0.0/org.osgi.core-6.0.0.pom query status: 404
failed resolution for home/kavya_parivarababu/oss-remediation-adk/autonomous-oss-remediation-workspaces/run-20260925T170726Z-89880aad/temp/autonomous-osv-kkdq5xds/repository/.m2/org/apache/logging/log4j/log4j/2.25.4/log4j-2.25.4.pom: failed resolving {Maven:org.apache.logging.log4j:log4j[Concrete:2.25.4] {}}: failed to fetch Maven project biz.aQute.bnd:biz.aQute.bnd.annotation@7.1.0:
API query failed: Maven registry http://127.0.0.1:32815/biz/aQute/bnd/biz.aQute.bnd.annotation/7.1.0/biz.aQute.bnd.annotation-7.1.0.pom query status: 404
failed resolution for home/kavya_parivarababu/oss-remediation-adk/autonomous-oss-remediation-workspaces/run-20260925T170726Z-89880aad/temp/autonomous-osv-kkdq5xds/repository/.m2/org/apache/maven/enforcer/enforcer-api/3.6.2/enforcer-api-3.6.2.pom: failed resolving {Maven:org.apache.maven.enforcer:enforcer-api[Concrete:3.6.2] {}}: failed to fetch Maven project org.apache.maven:maven-plugin-api@3.9.11:
API query failed: Maven registry http://127.0.0.1:32815/org/apache/maven/maven-plugin-api/3.9.11/maven-plugin-api-3.9.11.pom query status: 404
failed resolution for home/kavya_parivarababu/oss-remediation-adk/autonomous-oss-remediation-workspaces/run-20260925T170726Z-89880aad/temp/autonomous-osv-kkdq5xds/repository/.m2/org/apache/maven/enforcer/enforcer-rules/3.6.2/enforcer-rules-3.6.2.pom: failed resolving {Maven:org.apache.maven.enforcer:enforcer-rules[Concrete:3.6.2] {}}: failed to fetch Maven project org.apache.maven:maven-artifact@3.9.11:
API query failed: Maven registry http://127.0.0.1:32815/org/apache/maven/maven-artifact/3.9.11/maven-artifact-3.9.11.pom query status: 404
failed resolution for home/kavya_parivarababu/oss-remediation-adk/autonomous-oss-remediation-workspaces/run-20260925T170726Z-89880aad/temp/autonomous-osv-kkdq5xds/repository/.m2/org/apache/maven/maven-archiver/3.6.2/maven-archiver-3.6.2.pom: failed resolving {Maven:org.apache.maven:maven-archiver[Concrete:3.6.2] {}}: failed to fetch Maven project org.mockito:mockito-core@4.11.0:
API query failed: Maven registry http://127.0.0.1:32815/org/mockito/mockito-core/4.11.0/mockito-core-4.11.0.pom query status: 404
failed resolution for home/kavya_parivarababu/oss-remediation-adk/autonomous-oss-remediation-workspaces/run-20260925T170726Z-89880aad/temp/autonomous-osv-kkdq5xds/repository/.m2/org/apache/maven/plugins/maven-clean-plugin/3.5.0/maven-clean-plugin-3.5.0.pom: failed resolving {Maven:org.apache.maven.plugins:maven-clean-plugin[Concrete:3.5.0] {}}: failed to fetch Maven project org.apache.maven:maven-plugin-api@3.9.9:
API query failed: Maven registry http://127.0.0.1:32815/org/apache/maven/maven-plugin-api/3.9.9/maven-plugin-api-3.9.9.pom query status: 404
failed resolution for home/kavya_parivarababu/oss-remediation-adk/autonomous-oss-remediation-workspaces/run-20260925T170726Z-89880aad/temp/autonomous-osv-kkdq5xds/repository/.m2/org/apache/maven/plugins/maven-compiler-plugin/3.14.1/maven-compiler-plugin-3.14.1.pom: failed resolving {Maven:org.apache.maven.plugins:maven-compiler-plugin[Concrete:3.14.1] {}}: failed to fetch Maven project org.apache.maven.plugin-tools:maven-plugin-annotations@3.15.1:
API query failed: Maven registry http://127.0.0.1:32815/org/apache/maven/plugin-tools/maven-plugin-annotations/3.15.1/maven-plugin-annotations-3.15.1.pom query status: 404
failed resolution for home/kavya_parivarababu/oss-remediation-adk/autonomous-oss-remediation-workspaces/run-20260925T170726Z-89880aad/temp/autonomous-osv-kkdq5xds/repository/.m2/org/apache/maven/plugins/maven-enforcer-plugin/3.6.2/maven-enforcer-plugin-3.6.2.pom: failed resolving {Maven:org.apache.maven.plugins:maven-enforcer-plugin[Concrete:3.6.2] {}}: failed to fetch Maven project org.apache.maven:maven-plugin-api@3.9.11:
API query failed: Maven registry http://127.0.0.1:32815/org/apache/maven/maven-plugin-api/3.9.11/maven-plugin-api-3.9.11.pom query status: 404
failed resolution for home/kavya_parivarababu/oss-remediation-adk/autonomous-oss-remediation-workspaces/run-20260925T170726Z-89880aad/temp/autonomous-osv-kkdq5xds/repository/.m2/org/apache/maven/plugins/maven-jar-plugin/3.4.2/maven-jar-plugin-3.4.2.pom: failed resolving {Maven:org.apache.maven.plugins:maven-jar-plugin[Concrete:3.4.2] {}}: failed to fetch Maven project org.apache.maven.plugin-tools:maven-plugin-annotations@3.12.0:
API query failed: Maven registry http://127.0.0.1:32815/org/apache/maven/plugin-tools/maven-plugin-annotations/3.12.0/maven-plugin-annotations-3.12.0.pom query status: 404
failed resolution for home/kavya_parivarababu/oss-remediation-adk/autonomous-oss-remediation-workspaces/run-20260925T170726Z-89880aad/temp/autonomous-osv-kkdq5xds/repository/.m2/org/apache/maven/plugins/maven-resources-plugin/3.3.1/maven-resources-plugin-3.3.1.pom: failed resolving {Maven:org.apache.maven.plugins:maven-resources-plugin[Concrete:3.3.1] {}}: failed to fetch Maven project org.apache.maven.plugin-tools:maven-plugin-annotations@3.7.0:
API query failed: Maven registry http://127.0.0.1:32815/org/apache/maven/plugin-tools/maven-plugin-annotations/3.7.0/maven-plugin-annotations-3.7.0.pom query status: 404
failed resolution for home/kavya_parivarababu/oss-remediation-adk/autonomous-oss-remediation-workspaces/run-20260925T170726Z-89880aad/temp/autonomous-osv-kkdq5xds/repository/.m2/org/apache/maven/plugins/maven-shade-plugin/3.6.0/maven-shade-plugin-3.6.0.pom: failed resolving {Maven:org.apache.maven.plugins:maven-shade-plugin[Concrete:3.6.0] {}}: failed to fetch Maven project org.apache.maven:maven-plugin-api@3.9.7:
API query failed: Maven registry http://127.0.0.1:32815/org/apache/maven/maven-plugin-api/3.9.7/maven-plugin-api-3.9.7.pom query status: 404
failed resolution for home/kavya_parivarababu/oss-remediation-adk/autonomous-oss-remediation-workspaces/run-20260925T170726Z-89880aad/temp/autonomous-osv-kkdq5xds/repository/.m2/org/apache/maven/shared/file-management/3.1.0/file-management-3.1.0.pom: failed resolving {Maven:org.apache.maven.shared:file-management[Concrete:3.1.0] {}}: failed to fetch Maven project junit:junit@4.13.2:
API query failed: Maven registry http://127.0.0.1:32815/junit/junit/4.13.2/junit-4.13.2.pom query status: 404
failed resolution for home/kavya_parivarababu/oss-remediation-adk/autonomous-oss-remediation-workspaces/run-20260925T170726Z-89880aad/temp/autonomous-osv-kkdq5xds/repository/.m2/org/apache/maven/shared/maven-common-artifact-filters/3.4.0/maven-common-artifact-filters-3.4.0.pom: failed resolving {Maven:org.apache.maven.shared:maven-common-artifact-filters[Concrete:3.4.0] {}}: failed to fetch Maven project junit:junit@4.13.2:
API query failed: Maven registry http://127.0.0.1:32815/junit/junit/4.13.2/junit-4.13.2.pom query status: 404
failed resolution for home/kavya_parivarababu/oss-remediation-adk/autonomous-oss-remediation-workspaces/run-20260925T170726Z-89880aad/temp/autonomous-osv-kkdq5xds/repository/.m2/org/apache/maven/shared/maven-filtering/3.3.1/maven-filtering-3.3.1.pom: failed resolving {Maven:org.apache.maven.shared:maven-filtering[Concrete:3.3.1] {}}: failed to fetch Maven project org.mockito:mockito-core@4.7.0:
API query failed: Maven registry http://127.0.0.1:32815/org/mockito/mockito-core/4.7.0/mockito-core-4.7.0.pom query status: 404
failed resolution for home/kavya_parivarababu/oss-remediation-adk/autonomous-oss-remediation-workspaces/run-20260925T170726Z-89880aad/temp/autonomous-osv-kkdq5xds/repository/.m2/org/apache/maven/shared/maven-shared-incremental/1.1/maven-shared-incremental-1.1.pom: failed resolving {Maven:org.apache.maven.shared:maven-shared-incremental[Concrete:1.1] {}}: failed to fetch Maven project org.codehaus.plexus:plexus-component-api@1.0-alpha-16:
API query failed: Maven registry http://127.0.0.1:32815/org/codehaus/plexus/plexus-component-api/1.0-alpha-16/plexus-component-api-1.0-alpha-16.pom query status: 404
failed resolution for home/kavya_parivarababu/oss-remediation-adk/autonomous-oss-remediation-workspaces/run-20260925T170726Z-89880aad/temp/autonomous-osv-kkdq5xds/repository/.m2/org/apache/maven/shared/maven-shared-utils/3.4.2/maven-shared-utils-3.4.2.pom: failed resolving {Maven:org.apache.maven.shared:maven-shared-utils[Concrete:3.4.2] {}}: failed to fetch Maven project org.fusesource.jansi:jansi@2.4.0:
API query failed: Maven registry http://127.0.0.1:32815/org/fusesource/jansi/jansi/2.4.0/jansi-2.4.0.pom query status: 404
failed resolution for home/kavya_parivarababu/oss-remediation-adk/autonomous-oss-remediation-workspaces/run-20260925T170726Z-89880aad/temp/autonomous-osv-kkdq5xds/repository/.m2/org/apache/maven/surefire/maven-surefire-common/3.5.5/maven-surefire-common-3.5.5.pom: failed resolving {Maven:org.apache.maven.surefire:maven-surefire-common[Concrete:3.5.5] {}}: failed to fetch Maven project org.slf4j:slf4j-simple@1.7.36:
API query failed: Maven registry http://127.0.0.1:32815/org/slf4j/slf4j-simple/1.7.36/slf4j-simple-1.7.36.pom query status: 404
failed resolution for home/kavya_parivarababu/oss-remediation-adk/autonomous-oss-remediation-workspaces/run-20260925T170726Z-89880aad/temp/autonomous-osv-kkdq5xds/repository/.m2/org/apache/tomcat/embed/tomcat-embed-core/11.0.25/tomcat-embed-core-11.0.25.pom: failed resolving {Maven:org.apache.tomcat.embed:tomcat-embed-core[Concrete:11.0.25] {}}: failed to fetch Maven project org.apache.tomcat:tomcat-annotations-api@11.0.25:
API query failed: Maven registry http://127.0.0.1:32815/org/apache/tomcat/tomcat-annotations-api/11.0.25/tomcat-annotations-api-11.0.25.pom query status: 404
failed resolution for home/kavya_parivarababu/oss-remediation-adk/autonomous-oss-remediation-workspaces/run-20260925T170726Z-89880aad/temp/autonomous-osv-kkdq5xds/repository/.m2/org/assertj/assertj-core/3.27.7/assertj-core-3.27.7.pom: failed resolving {Maven:org.assertj:assertj-core[Concrete:3.27.7] {}}: failed to fetch Maven project net.bytebuddy:byte-buddy@1.18.3:
API query failed: Maven registry http://127.0.0.1:32815/net/bytebuddy/byte-buddy/1.18.3/byte-buddy-1.18.3.pom query status: 404
failed resolution for home/kavya_parivarababu/oss-remediation-adk/autonomous-oss-remediation-workspaces/run-20260925T170726Z-89880aad/temp/autonomous-osv-kkdq5xds/repository/.m2/org/codehaus/plexus/plexus-archiver/4.9.2/plexus-archiver-4.9.2.pom: failed resolving {Maven:org.codehaus.plexus:plexus-archiver[Concrete:4.9.2] {}}: failed to fetch Maven project org.slf4j:slf4j-simple@1.7.36:
API query failed: Maven registry http://127.0.0.1:32815/org/slf4j/slf4j-simple/1.7.36/slf4j-simple-1.7.36.pom query status: 404
failed resolution for home/kavya_parivarababu/oss-remediation-adk/autonomous-oss-remediation-workspaces/run-20260925T170726Z-89880aad/temp/autonomous-osv-kkdq5xds/repository/.m2/org/codehaus/plexus/plexus-compiler-api/2.15.0/plexus-compiler-api-2.15.0.pom: failed resolving {Maven:org.codehaus.plexus:plexus-compiler-api[Concrete:2.15.0] {}}: failed to fetch Maven project org.codehaus.plexus:plexus-component-annotations@2.2.0:
API query failed: Maven registry http://127.0.0.1:32815/org/codehaus/plexus/plexus-component-annotations/2.2.0/plexus-component-annotations-2.2.0.pom query status: 404
failed resolution for home/kavya_parivarababu/oss-remediation-adk/autonomous-oss-remediation-workspaces/run-20260925T170726Z-89880aad/temp/autonomous-osv-kkdq5xds/repository/.m2/org/codehaus/plexus/plexus-compilers/2.15.0/plexus-compilers-2.15.0.pom: failed resolving {Maven:org.codehaus.plexus:plexus-compilers[Concrete:2.15.0] {}}: failed to fetch Maven project org.codehaus.plexus:plexus-compiler-test@2.15.0:
API query failed: Maven registry http://127.0.0.1:32815/org/codehaus/plexus/plexus-compiler-test/2.15.0/plexus-compiler-test-2.15.0.pom query status: 404
failed resolution for home/kavya_parivarababu/oss-remediation-adk/autonomous-oss-remediation-workspaces/run-20260925T170726Z-89880aad/temp/autonomous-osv-kkdq5xds/repository/.m2/org/codehaus/plexus/plexus-io/3.4.2/plexus-io-3.4.2.pom: failed resolving {Maven:org.codehaus.plexus:plexus-io[Concrete:3.4.2] {}}: failed to fetch Maven project org.slf4j:slf4j-simple@1.7.36:
API query failed: Maven registry http://127.0.0.1:32815/org/slf4j/slf4j-simple/1.7.36/slf4j-simple-1.7.36.pom query status: 404
failed resolution for home/kavya_parivarababu/oss-remediation-adk/autonomous-oss-remediation-workspaces/run-20260925T170726Z-89880aad/temp/autonomous-osv-kkdq5xds/repository/.m2/org/codehaus/plexus/plexus-java/1.5.0/plexus-java-1.5.0.pom: failed resolving {Maven:org.codehaus.plexus:plexus-java[Concrete:1.5.0] {}}: failed to fetch Maven project org.junit.jupiter:junit-jupiter-api@5.11.4:
API query failed: Maven registry http://127.0.0.1:32815/org/junit/jupiter/junit-jupiter-api/5.11.4/junit-jupiter-api-5.11.4.pom query status: 404
failed resolution for home/kavya_parivarababu/oss-remediation-adk/autonomous-oss-remediation-workspaces/run-20260925T170726Z-89880aad/temp/autonomous-osv-kkdq5xds/repository/.m2/org/codehaus/plexus/plexus-java/1.5.2/plexus-java-1.5.2.pom: failed resolving {Maven:org.codehaus.plexus:plexus-java[Concrete:1.5.2] {}}: failed to fetch Maven project org.junit.jupiter:junit-jupiter-api@5.13.4:
API query failed: Maven registry http://127.0.0.1:32815/org/junit/jupiter/junit-jupiter-api/5.13.4/junit-jupiter-api-5.13.4.pom query status: 404
failed resolution for home/kavya_parivarababu/oss-remediation-adk/autonomous-oss-remediation-workspaces/run-20260925T170726Z-89880aad/temp/autonomous-osv-kkdq5xds/repository/.m2/org/codehaus/plexus/plexus-utils/3.5.0/plexus-utils-3.5.0.pom: failed resolving {Maven:org.codehaus.plexus:plexus-utils[Concrete:3.5.0] {}}: failed to fetch Maven project org.openjdk.jmh:jmh-core@1.35:
API query failed: Maven registry http://127.0.0.1:32815/org/openjdk/jmh/jmh-core/1.35/jmh-core-1.35.pom query status: 404
failed resolution for home/kavya_parivarababu/oss-remediation-adk/autonomous-oss-remediation-workspaces/run-20260925T170726Z-89880aad/temp/autonomous-osv-kkdq5xds/repository/.m2/org/codehaus/plexus/plexus-utils/3.5.1/plexus-utils-3.5.1.pom: failed resolving {Maven:org.codehaus.plexus:plexus-utils[Concrete:3.5.1] {}}: failed to fetch Maven project org.openjdk.jmh:jmh-core@1.36:
API query failed: Maven registry http://127.0.0.1:32815/org/openjdk/jmh/jmh-core/1.36/jmh-core-1.36.pom query status: 404
failed resolution for home/kavya_parivarababu/oss-remediation-adk/autonomous-oss-remediation-workspaces/run-20260925T170726Z-89880aad/temp/autonomous-osv-kkdq5xds/repository/.m2/org/codehaus/plexus/plexus-xml/3.0.1/plexus-xml-3.0.1.pom: failed resolving {Maven:org.codehaus.plexus:plexus-xml[Concrete:3.0.1] {}}: failed to fetch Maven project org.openjdk.jmh:jmh-core@1.37:
API query failed: Maven registry http://127.0.0.1:32815/org/openjdk/jmh/jmh-core/1.37/jmh-core-1.37.pom query status: 404
failed resolution for home/kavya_parivarababu/oss-remediation-adk/autonomous-oss-remediation-workspaces/run-20260925T170726Z-89880aad/temp/autonomous-osv-kkdq5xds/repository/.m2/org/codehaus/plexus/plexus/5.1/plexus-5.1.pom: failed resolving {Maven:org.codehaus.plexus:plexus[Concrete:5.1] {}}: failed to fetch Maven project junit:junit@4.12:
API query failed: Maven registry http://127.0.0.1:32815/junit/junit/4.12/junit-4.12.pom query status: 404
failed resolution for home/kavya_parivarababu/oss-remediation-adk/autonomous-oss-remediation-workspaces/run-20260925T170726Z-89880aad/temp/autonomous-osv-kkdq5xds/repository/.m2/org/hdrhistogram/HdrHistogram/2.2.2/HdrHistogram-2.2.2.pom: failed resolving {Maven:org.hdrhistogram:HdrHistogram[Concrete:2.2.2] {}}: failed to fetch Maven project org.junit.jupiter:junit-jupiter-api@5.9.3:
API query failed: Maven registry http://127.0.0.1:32815/org/junit/jupiter/junit-jupiter-api/5.9.3/junit-jupiter-api-5.9.3.pom query status: 404
failed resolution for home/kavya_parivarababu/oss-remediation-adk/autonomous-oss-remediation-workspaces/run-20260925T170726Z-89880aad/temp/autonomous-osv-kkdq5xds/repository/.m2/org/hibernate/validator/hibernate-validator/9.0.1.Final/hibernate-validator-9.0.1.Final.pom: failed resolving {Maven:org.hibernate.validator:hibernate-validator[Concrete:9.0.1.Final] {}}: failed to fetch Maven project org.jboss.logging:jboss-logging@3.6.1.Final:
API query failed: Maven registry http://127.0.0.1:32815/org/jboss/logging/jboss-logging/3.6.1.Final/jboss-logging-3.6.1.Final.pom query status: 404
failed resolution for home/kavya_parivarababu/oss-remediation-adk/autonomous-oss-remediation-workspaces/run-20260925T170726Z-89880aad/temp/autonomous-osv-kkdq5xds/repository/.m2/org/iq80/snappy/snappy/0.4/snappy-0.4.pom: failed resolving {Maven:org.iq80.snappy:snappy[Concrete:0.4] {}}: failed to fetch Maven project org.apache.hadoop:hadoop-core@0.20.2:
API query failed: Maven registry http://127.0.0.1:32815/org/apache/hadoop/hadoop-core/0.20.2/hadoop-core-0.20.2.pom query status: 404
failed resolution for home/kavya_parivarababu/oss-remediation-adk/autonomous-oss-remediation-workspaces/run-20260925T170726Z-89880aad/temp/autonomous-osv-kkdq5xds/repository/.m2/org/jboss/logging/jboss-logging/3.6.3.Final/jboss-logging-3.6.3.Final.pom: failed resolving {Maven:org.jboss.logging:jboss-logging[Concrete:3.6.3.Final] {}}: failed to fetch Maven project org.jboss.logmanager:jboss-logmanager@3.1.2.Final:
API query failed: Maven registry http://127.0.0.1:32815/org/jboss/logmanager/jboss-logmanager/3.1.2.Final/jboss-logmanager-3.1.2.Final.pom query status: 404
failed resolution for home/kavya_parivarababu/oss-remediation-adk/autonomous-oss-remediation-workspaces/run-20260925T170726Z-89880aad/temp/autonomous-osv-kkdq5xds/repository/.m2/org/jdom/jdom2/2.0.6.1/jdom2-2.0.6.1.pom: failed resolving {Maven:org.jdom:jdom2[Concrete:2.0.6.1] {}}: failed to fetch Maven project jaxen:jaxen@1.2.0:
API query failed: Maven registry http://127.0.0.1:32815/jaxen/jaxen/1.2.0/jaxen-1.2.0.pom query status: 404
failed resolution for home/kavya_parivarababu/oss-remediation-adk/autonomous-oss-remediation-workspaces/run-20260925T170726Z-89880aad/temp/autonomous-osv-kkdq5xds/repository/.m2/org/json/json/20231013/json-20231013.pom: failed resolving {Maven:org.json:json[Concrete:20231013] {}}: failed to fetch Maven project junit:junit@4.13.2:
API query failed: Maven registry http://127.0.0.1:32815/junit/junit/4.13.2/junit-4.13.2.pom query status: 404
failed resolution for home/kavya_parivarababu/oss-remediation-adk/autonomous-oss-remediation-workspaces/run-20260925T170726Z-89880aad/temp/autonomous-osv-kkdq5xds/repository/.m2/org/latencyutils/LatencyUtils/2.0.3/LatencyUtils-2.0.3.pom: failed resolving {Maven:org.latencyutils:LatencyUtils[Concrete:2.0.3] {}}: failed to fetch Maven project junit:junit@4.10:
API query failed: Maven registry http://127.0.0.1:32815/junit/junit/4.10/junit-4.10.pom query status: 404
failed resolution for home/kavya_parivarababu/oss-remediation-adk/autonomous-oss-remediation-workspaces/run-20260925T170726Z-89880aad/temp/autonomous-osv-kkdq5xds/repository/.m2/org/mockito/mockito-core/5.20.0/mockito-core-5.20.0.pom: failed resolving {Maven:org.mockito:mockito-core[Concrete:5.20.0] {}}: failed to fetch Maven project net.bytebuddy:byte-buddy@1.17.7:
API query failed: Maven registry http://127.0.0.1:32815/net/bytebuddy/byte-buddy/1.17.7/byte-buddy-1.17.7.pom query status: 404
failed resolution for home/kavya_parivarababu/oss-remediation-adk/autonomous-oss-remediation-workspaces/run-20260925T170726Z-89880aad/temp/autonomous-osv-kkdq5xds/repository/.m2/org/mockito/mockito-junit-jupiter/5.20.0/mockito-junit-jupiter-5.20.0.pom: failed resolving {Maven:org.mockito:mockito-junit-jupiter[Concrete:5.20.0] {}}: failed to fetch Maven project org.junit.jupiter:junit-jupiter-api@5.13.4:
API query failed: Maven registry http://127.0.0.1:32815/org/junit/jupiter/junit-jupiter-api/5.13.4/junit-jupiter-api-5.13.4.pom query status: 404
failed resolution for home/kavya_parivarababu/oss-remediation-adk/autonomous-oss-remediation-workspaces/run-20260925T170726Z-89880aad/temp/autonomous-osv-kkdq5xds/repository/.m2/org/objenesis/objenesis-parent/3.3/objenesis-parent-3.3.pom: failed resolving {Maven:org.objenesis:objenesis-parent[Concrete:3.3] {}}: failed to fetch Maven project org.junit.jupiter:junit-jupiter@5.9.0:
API query failed: Maven registry http://127.0.0.1:32815/org/junit/jupiter/junit-jupiter/5.9.0/junit-jupiter-5.9.0.pom query status: 404
failed resolution for home/kavya_parivarababu/oss-remediation-adk/autonomous-oss-remediation-workspaces/run-20260925T170726Z-89880aad/temp/autonomous-osv-kkdq5xds/repository/.m2/org/skyscreamer/jsonassert/1.5.3/jsonassert-1.5.3.pom: failed resolving {Maven:org.skyscreamer:jsonassert[Concrete:1.5.3] {}}: failed to fetch Maven project junit:junit@4.13.2:
API query failed: Maven registry http://127.0.0.1:32815/junit/junit/4.13.2/junit-4.13.2.pom query status: 404
failed resolution for home/kavya_parivarababu/oss-remediation-adk/autonomous-oss-remediation-workspaces/run-20260925T170726Z-89880aad/temp/autonomous-osv-kkdq5xds/repository/.m2/org/slf4j/slf4j-parent/1.7.36/slf4j-parent-1.7.36.pom: failed resolving {Maven:org.slf4j:slf4j-parent[Concrete:1.7.36] {}}: failed to fetch Maven project junit:junit@4.13:
API query failed: Maven registry http://127.0.0.1:32815/junit/junit/4.13/junit-4.13.pom query status: 404
failed resolution for home/kavya_parivarababu/oss-remediation-adk/autonomous-oss-remediation-workspaces/run-20260925T170726Z-89880aad/temp/autonomous-osv-kkdq5xds/repository/.m2/org/slf4j/slf4j-parent/2.0.17/slf4j-parent-2.0.17.pom: failed resolving {Maven:org.slf4j:slf4j-parent[Concrete:2.0.17] {}}: failed to fetch Maven project junit:junit@4.13.1:
API query failed: Maven registry http://127.0.0.1:32815/junit/junit/4.13.1/junit-4.13.1.pom query status: 404
failed resolution for home/kavya_parivarababu/oss-remediation-adk/autonomous-oss-remediation-workspaces/run-20260925T170726Z-89880aad/temp/autonomous-osv-kkdq5xds/repository/.m2/org/sonatype/plexus/plexus-build-api/0.0.7/plexus-build-api-0.0.7.pom: failed resolving {Maven:org.sonatype.plexus:plexus-build-api[Concrete:0.0.7] {}}: failed to fetch Maven project org.codehaus.plexus:plexus-container-default@1.0-alpha-9:
API query failed: Maven registry http://127.0.0.1:32815/org/codehaus/plexus/plexus-container-default/1.0-alpha-9/plexus-container-default-1.0-alpha-9.pom query status: 404
failed resolution for home/kavya_parivarababu/oss-remediation-adk/autonomous-oss-remediation-workspaces/run-20260925T170726Z-89880aad/temp/autonomous-osv-kkdq5xds/repository/.m2/org/springframework/boot/spring-boot-starter-test/4.0.6/spring-boot-starter-test-4.0.6.pom: failed resolving {Maven:org.springframework.boot:spring-boot-starter-test[Concrete:4.0.6] {}}: failed to fetch Maven project net.bytebuddy:byte-buddy@1.18.3:
API query failed: Maven registry http://127.0.0.1:32815/net/bytebuddy/byte-buddy/1.18.3/byte-buddy-1.18.3.pom query status: 404
failed resolution for home/kavya_parivarababu/oss-remediation-adk/autonomous-oss-remediation-workspaces/run-20260925T170726Z-89880aad/temp/autonomous-osv-kkdq5xds/repository/.m2/org/springframework/boot/spring-boot-starter-validation/4.0.6/spring-boot-starter-validation-4.0.6.pom: failed resolving {Maven:org.springframework.boot:spring-boot-starter-validation[Concrete:4.0.6] {}}: failed to fetch Maven project org.jboss.logging:jboss-logging@3.6.1.Final:
API query failed: Maven registry http://127.0.0.1:32815/org/jboss/logging/jboss-logging/3.6.1.Final/jboss-logging-3.6.1.Final.pom query status: 404
failed resolution for home/kavya_parivarababu/oss-remediation-adk/autonomous-oss-remediation-workspaces/run-20260925T170726Z-89880aad/temp/autonomous-osv-kkdq5xds/repository/.m2/org/springframework/boot/spring-boot-validation/4.0.6/spring-boot-validation-4.0.6.pom: failed resolving {Maven:org.springframework.boot:spring-boot-validation[Concrete:4.0.6] {}}: failed to fetch Maven project org.jboss.logging:jboss-logging@3.6.1.Final:
API query failed: Maven registry http://127.0.0.1:32815/org/jboss/logging/jboss-logging/3.6.1.Final/jboss-logging-3.6.1.Final.pom query status: 404
failed resolution for home/kavya_parivarababu/oss-remediation-adk/autonomous-oss-remediation-workspaces/run-20260925T170726Z-89880aad/temp/autonomous-osv-kkdq5xds/repository/.m2/org/vafer/jdependency/2.10/jdependency-2.10.pom: failed resolving {Maven:org.vafer:jdependency[Concrete:2.10] {}}: failed to fetch Maven project junit:junit@4.13.2:
API query failed: Maven registry http://127.0.0.1:32815/junit/junit/4.13.2/junit-4.13.2.pom query status: 404
failed resolution for home/kavya_parivarababu/oss-remediation-adk/autonomous-oss-remediation-workspaces/run-20260925T170726Z-89880aad/temp/autonomous-osv-kkdq5xds/repository/.m2/org/yaml/snakeyaml/2.5/snakeyaml-2.5.pom: failed resolving {Maven:org.yaml:snakeyaml[Concrete:2.5] {}}: failed to fetch Maven project junit:junit@4.13.2:
API query failed: Maven registry http://127.0.0.1:32815/junit/junit/4.13.2/junit-4.13.2.pom query status: 404
failed resolution for home/kavya_parivarababu/oss-remediation-adk/autonomous-oss-remediation-workspaces/run-20260925T170726Z-89880aad/temp/autonomous-osv-kkdq5xds/repository/.m2/tools/jackson/core/jackson-databind/3.1.2/jackson-databind-3.1.2.pom: failed resolving {Maven:tools.jackson.core:jackson-databind[Concrete:3.1.2] {}}: failed to fetch Maven project com.google.guava:guava-testlib@32.0.1-jre:
API query failed: Maven registry http://127.0.0.1:32815/com/google/guava/guava-testlib/32.0.1-jre/guava-testlib-32.0.1-jre.pom query status: 404
